--
-- PostgreSQL database dump
--

-- Dumped from database version 16.2 (Debian 16.2-1.pgdg120+2)
-- Dumped by pg_dump version 16.2

SET statement_timeout = 0;
SET lock_timeout = 0;
SET idle_in_transaction_session_timeout = 0;
SET client_encoding = 'UTF8';
SET standard_conforming_strings = on;
SELECT pg_catalog.set_config('search_path', '', false);
SET check_function_bodies = false;
SET xmloption = content;
SET client_min_messages = warning;
SET row_security = off;

SET default_tablespace = '';

SET default_table_access_method = heap;

--
-- Name: AppUserTask; Type: TABLE; Schema: public; Owner: postgres
--

CREATE TABLE public."AppUserTask" (
    "TasksId" bigint NOT NULL,
    "UsersId" text NOT NULL
);


ALTER TABLE public."AppUserTask" OWNER TO postgres;

--
-- Name: AspNetRoleClaims; Type: TABLE; Schema: public; Owner: postgres
--

CREATE TABLE public."AspNetRoleClaims" (
    "Id" integer NOT NULL,
    "RoleId" text NOT NULL,
    "ClaimType" text,
    "ClaimValue" text
);


ALTER TABLE public."AspNetRoleClaims" OWNER TO postgres;

--
-- Name: AspNetRoleClaims_Id_seq; Type: SEQUENCE; Schema: public; Owner: postgres
--

ALTER TABLE public."AspNetRoleClaims" ALTER COLUMN "Id" ADD GENERATED BY DEFAULT AS IDENTITY (
    SEQUENCE NAME public."AspNetRoleClaims_Id_seq"
    START WITH 1
    INCREMENT BY 1
    NO MINVALUE
    NO MAXVALUE
    CACHE 1
);


--
-- Name: AspNetRoles; Type: TABLE; Schema: public; Owner: postgres
--

CREATE TABLE public."AspNetRoles" (
    "Id" text NOT NULL,
    "Name" character varying(256),
    "NormalizedName" character varying(256),
    "ConcurrencyStamp" text
);


ALTER TABLE public."AspNetRoles" OWNER TO postgres;

--
-- Name: AspNetUserClaims; Type: TABLE; Schema: public; Owner: postgres
--

CREATE TABLE public."AspNetUserClaims" (
    "Id" integer NOT NULL,
    "UserId" text NOT NULL,
    "ClaimType" text,
    "ClaimValue" text
);


ALTER TABLE public."AspNetUserClaims" OWNER TO postgres;

--
-- Name: AspNetUserClaims_Id_seq; Type: SEQUENCE; Schema: public; Owner: postgres
--

ALTER TABLE public."AspNetUserClaims" ALTER COLUMN "Id" ADD GENERATED BY DEFAULT AS IDENTITY (
    SEQUENCE NAME public."AspNetUserClaims_Id_seq"
    START WITH 1
    INCREMENT BY 1
    NO MINVALUE
    NO MAXVALUE
    CACHE 1
);


--
-- Name: AspNetUserLogins; Type: TABLE; Schema: public; Owner: postgres
--

CREATE TABLE public."AspNetUserLogins" (
    "LoginProvider" text NOT NULL,
    "ProviderKey" text NOT NULL,
    "ProviderDisplayName" text,
    "UserId" text NOT NULL
);


ALTER TABLE public."AspNetUserLogins" OWNER TO postgres;

--
-- Name: AspNetUserRoles; Type: TABLE; Schema: public; Owner: postgres
--

CREATE TABLE public."AspNetUserRoles" (
    "UserId" text NOT NULL,
    "RoleId" text NOT NULL
);


ALTER TABLE public."AspNetUserRoles" OWNER TO postgres;

--
-- Name: AspNetUserTokens; Type: TABLE; Schema: public; Owner: postgres
--

CREATE TABLE public."AspNetUserTokens" (
    "UserId" text NOT NULL,
    "LoginProvider" text NOT NULL,
    "Name" text NOT NULL,
    "Value" text
);


ALTER TABLE public."AspNetUserTokens" OWNER TO postgres;

--
-- Name: AspNetUsers; Type: TABLE; Schema: public; Owner: postgres
--

CREATE TABLE public."AspNetUsers" (
    "Id" text NOT NULL,
    "Group" text,
    "UserName" character varying(256),
    "NormalizedUserName" character varying(256),
    "Email" character varying(256),
    "NormalizedEmail" character varying(256),
    "EmailConfirmed" boolean NOT NULL,
    "PasswordHash" text,
    "SecurityStamp" text,
    "ConcurrencyStamp" text,
    "PhoneNumber" text,
    "PhoneNumberConfirmed" boolean NOT NULL,
    "TwoFactorEnabled" boolean NOT NULL,
    "LockoutEnd" timestamp with time zone,
    "LockoutEnabled" boolean NOT NULL,
    "AccessFailedCount" integer NOT NULL,
    "DirectionOfStudy" text DEFAULT ''::text,
    "Gender" text DEFAULT ''::text NOT NULL,
    "INN" text DEFAULT ''::text NOT NULL,
    "Name" text DEFAULT ''::text NOT NULL,
    "Passport" text DEFAULT ''::text NOT NULL,
    "SNILS" text DEFAULT ''::text NOT NULL,
    "ServiceNumber" text DEFAULT ''::text,
    "Discriminator" character varying(13) DEFAULT ''::character varying NOT NULL,
    "Post" text,
    "Institute" text,
    "FormOfStudy" text
);


ALTER TABLE public."AspNetUsers" OWNER TO postgres;

--
-- Name: Services; Type: TABLE; Schema: public; Owner: postgres
--

CREATE TABLE public."Services" (
    "Id" integer NOT NULL,
    "Name" text NOT NULL,
    "Description" text NOT NULL,
    "FileName" text NOT NULL,
    "Type" integer NOT NULL
);


ALTER TABLE public."Services" OWNER TO postgres;

--
-- Name: Services_Id_seq; Type: SEQUENCE; Schema: public; Owner: postgres
--

ALTER TABLE public."Services" ALTER COLUMN "Id" ADD GENERATED BY DEFAULT AS IDENTITY (
    SEQUENCE NAME public."Services_Id_seq"
    START WITH 1
    INCREMENT BY 1
    NO MINVALUE
    NO MAXVALUE
    CACHE 1
);


--
-- Name: Tasks; Type: TABLE; Schema: public; Owner: postgres
--

CREATE TABLE public."Tasks" (
    "Id" bigint NOT NULL,
    "ServiceName" text NOT NULL,
    "State" integer NOT NULL
);


ALTER TABLE public."Tasks" OWNER TO postgres;

--
-- Name: Tasks_Id_seq; Type: SEQUENCE; Schema: public; Owner: postgres
--

ALTER TABLE public."Tasks" ALTER COLUMN "Id" ADD GENERATED BY DEFAULT AS IDENTITY (
    SEQUENCE NAME public."Tasks_Id_seq"
    START WITH 1
    INCREMENT BY 1
    NO MINVALUE
    NO MAXVALUE
    CACHE 1
);


--
-- Name: __EFMigrationsHistory; Type: TABLE; Schema: public; Owner: postgres
--

CREATE TABLE public."__EFMigrationsHistory" (
    "MigrationId" character varying(150) NOT NULL,
    "ProductVersion" character varying(32) NOT NULL
);


ALTER TABLE public."__EFMigrationsHistory" OWNER TO postgres;

--
-- Data for Name: AppUserTask; Type: TABLE DATA; Schema: public; Owner: postgres
--

COPY public."AppUserTask" ("TasksId", "UsersId") FROM stdin;
\.


--
-- Data for Name: AspNetRoleClaims; Type: TABLE DATA; Schema: public; Owner: postgres
--

COPY public."AspNetRoleClaims" ("Id", "RoleId", "ClaimType", "ClaimValue") FROM stdin;
\.


--
-- Data for Name: AspNetRoles; Type: TABLE DATA; Schema: public; Owner: postgres
--

COPY public."AspNetRoles" ("Id", "Name", "NormalizedName", "ConcurrencyStamp") FROM stdin;
bd376a8f-9eab-4bb9-9fca-40b01540f446	admin	ADMIN	\N
bd376a8f-9eab-4bb9-9fca-40b01540f447	student	STUDENT	\N
bd376a8f-9eab-4bb9-9fca-40b01540f448	employee	EMPLOYEE	\N
\.


--
-- Data for Name: AspNetUserClaims; Type: TABLE DATA; Schema: public; Owner: postgres
--

COPY public."AspNetUserClaims" ("Id", "UserId", "ClaimType", "ClaimValue") FROM stdin;
\.


--
-- Data for Name: AspNetUserLogins; Type: TABLE DATA; Schema: public; Owner: postgres
--

COPY public."AspNetUserLogins" ("LoginProvider", "ProviderKey", "ProviderDisplayName", "UserId") FROM stdin;
\.


--
-- Data for Name: AspNetUserRoles; Type: TABLE DATA; Schema: public; Owner: postgres
--

COPY public."AspNetUserRoles" ("UserId", "RoleId") FROM stdin;
b18be9c0-aa65-4af8-bd17-10bd9344e588	bd376a8f-9eab-4bb9-9fca-40b01540f448
c18be9c0-aa65-4af8-bd17-10bd9344e586	bd376a8f-9eab-4bb9-9fca-40b01540f446
c18be9c0-aa65-4af8-1d17-10bd9344e588	bd376a8f-9eab-4bb9-9fca-40b01540f447
c18be9c0-aa65-4af8-bd17-10bd9344e587	bd376a8f-9eab-4bb9-9fca-40b01540f447
\.


--
-- Data for Name: AspNetUserTokens; Type: TABLE DATA; Schema: public; Owner: postgres
--

COPY public."AspNetUserTokens" ("UserId", "LoginProvider", "Name", "Value") FROM stdin;
\.


--
-- Data for Name: AspNetUsers; Type: TABLE DATA; Schema: public; Owner: postgres
--

COPY public."AspNetUsers" ("Id", "Group", "UserName", "NormalizedUserName", "Email", "NormalizedEmail", "EmailConfirmed", "PasswordHash", "SecurityStamp", "ConcurrencyStamp", "PhoneNumber", "PhoneNumberConfirmed", "TwoFactorEnabled", "LockoutEnd", "LockoutEnabled", "AccessFailedCount", "DirectionOfStudy", "Gender", "INN", "Name", "Passport", "SNILS", "ServiceNumber", "Discriminator", "Post", "Institute", "FormOfStudy") FROM stdin;
b18be9c0-aa65-4af8-bd17-10bd9344e588	\N	employee	EMPLOYEE	employee@example.com	EMPLOYEE@EXAMPLE.COM	f	AQAAAAIAAYagAAAAEJ0eXkm4ReRAAfQTbNWY5ORvIn81taarI69OXNNfbrNjYSNCTdTd7Yz40mRdWX2lhg==		c4766231-b873-4774-9155-5fb377f4494a	\N	f	f	\N	f	0		Мужской	7777065424	{"First":"\\u0420\\u0430\\u0431\\u043E\\u0442\\u043D\\u0438\\u043A","Second":"\\u041C\\u0418\\u0418\\u0422\\u041E\\u0412","Middle":"\\u0418\\u043D\\u0441\\u0442\\u0438\\u0442\\u0443\\u0442\\u043E\\u0432\\u0438\\u0447"}	{"Series":"4517","Number":"543254","UnitCode":"432-632","PlaceOfBrith":"\\u0413. \\u041C\\u043E\\u0441\\u043A\\u0432\\u0430","DateOfBrith":"2002-02-14","DateOfIssue":"2024-12-03","Citizenship":"\\u0420\\u043E\\u0441\\u0441\\u0438\\u0439\\u0441\\u043A\\u0430\\u044F \\u0424\\u0435\\u0434\\u0435\\u0440\\u0430\\u0446\\u0438\\u044F"}	375232753		EmployeeUser	Доцент		\N
c18be9c0-aa65-4af8-bd17-10bd9344e586	\N	admin	ADMIN	admin@example.com	ADMIN@EXAMPLE.COM	f	AQAAAAIAAYagAAAAEHR8SqhWsV/1Kf3waB5J8HErFZWH6/1H8PDMU81b7C/pHOldEWfOucazU4VT7tTFoQ==		1d04fa3e-e395-4a01-a49f-ede2608cebd0	\N	f	f	\N	f	0		admin	7777065424	{"First":"Admin","Second":"Adminov","Middle":"Adminovich"}	{"Series":"4517","Number":"543254","UnitCode":"432-632","PlaceOfBrith":"\\u0413. \\u041C\\u043E\\u0441\\u043A\\u0432\\u0430","DateOfBrith":"2002-02-14","DateOfIssue":"2024-12-03","Citizenship":"\\u0420\\u043E\\u0441\\u0441\\u0438\\u0439\\u0441\\u043A\\u0430\\u044F \\u0424\\u0435\\u0434\\u0435\\u0440\\u0430\\u0446\\u0438\\u044F"}	375232753		AppUser	\N	\N	\N
c18be9c0-aa65-4af8-1d17-10bd9344e588	УВП-411	Nastya	NASTYA	Nastya@example.com	NASTYA@EXAMPLE.COM	f	AQAAAAIAAYagAAAAEI/SAbvIOlcunLbvd7yGQPhIPiBaP0rlAxXKzUU3yCkYufOcHiFtCbiFcpa/NNynog==		0973f867-c908-4a7f-b0d1-688d5355c956	\N	f	f	\N	f	0	09.03.01	Женский	7777065424	{"First":"\\u0410\\u043D\\u0430\\u0441\\u0442\\u0430\\u0441\\u0438\\u044F","Second":"\\u041A\\u043E\\u043D\\u0441\\u0442\\u0430\\u043D\\u0442\\u0438\\u043D\\u043E\\u0432\\u0430","Middle":"\\u0412\\u0438\\u0442\\u0430\\u043B\\u044C\\u0435\\u0432\\u043D\\u0430"}	{"Series":"4517","Number":"543254","UnitCode":"432-632","PlaceOfBrith":"\\u0413. \\u041C\\u043E\\u0441\\u043A\\u0432\\u0430","DateOfBrith":"2002-02-14","DateOfIssue":"2024-12-03","Citizenship":"\\u0420\\u043E\\u0441\\u0441\\u0438\\u0439\\u0441\\u043A\\u0430\\u044F \\u0424\\u0435\\u0434\\u0435\\u0440\\u0430\\u0446\\u0438\\u044F"}	375232753	12345678	StudentUser	\N	\N	очная
c18be9c0-aa65-4af8-bd17-10bd9344e587	УВП-411	Dmitry	DMITRY	Dmitry@example.com	DMITRY@EXAMPLE.COM	f	AQAAAAIAAYagAAAAEOHFOnWWnbujuBKlbOC1RgInu+A6BMsN5yjfuGVumPUTFa8rHWdBHhlQ58tBmOB5xQ==		faa7c655-362a-4660-bc59-5d07e5a21978	\N	f	f	\N	f	0	09.03.01	Мужской	7777065424	{"First":"\\u0414\\u043C\\u0438\\u0442\\u0440\\u0438\\u0439","Second":"\\u0411\\u043E\\u043B\\u0442\\u0430\\u0447\\u0435\\u0432","Middle":"\\u041C\\u0438\\u0445\\u0430\\u0439\\u043B\\u043E\\u0432\\u0438\\u0447"}	{"Series":"4517","Number":"543254","UnitCode":"432-632","PlaceOfBrith":"\\u0413. \\u041C\\u043E\\u0441\\u043A\\u0432\\u0430","DateOfBrith":"2002-02-14","DateOfIssue":"2024-12-03","Citizenship":"\\u0420\\u043E\\u0441\\u0441\\u0438\\u0439\\u0441\\u043A\\u0430\\u044F \\u0424\\u0435\\u0434\\u0435\\u0440\\u0430\\u0446\\u0438\\u044F"}	375232753	12345678	StudentUser	\N	\N	очная
\.


--
-- Data for Name: Services; Type: TABLE DATA; Schema: public; Owner: postgres
--

COPY public."Services" ("Id", "Name", "Description", "FileName", "Type") FROM stdin;
\.


--
-- Data for Name: Tasks; Type: TABLE DATA; Schema: public; Owner: postgres
--

COPY public."Tasks" ("Id", "ServiceName", "State") FROM stdin;
\.


--
-- Data for Name: __EFMigrationsHistory; Type: TABLE DATA; Schema: public; Owner: postgres
--

COPY public."__EFMigrationsHistory" ("MigrationId", "ProductVersion") FROM stdin;
20240429172455_Initial	8.0.2
20240429214817_AddDefaultUser	8.0.2
20240429221359_AddDefaultUser2	8.0.2
20240429221922_AddDefaultUser3	8.0.2
20240430095855_AddedStudents	8.0.2
20240430125840_AddedMoreInfoAboutStudents	8.0.2
20240430131620_FixedNames	8.0.2
20240430222233_ChangedDateProps	8.0.2
20240430224528_ChangedDate	8.0.2
20240430224728_ChangedDate2	8.0.2
20240503182923_AddedRole	8.0.2
20240503185422_AddedRole2	8.0.2
20240503190549_AddedEmployee	8.0.2
20240504202839_RemoveTabels	8.0.2
20240505141213_new	8.0.2
20240507145440_services	8.0.2
20240507192544_newpropemloyee	8.0.2
20240507230728_switchadminclass	8.0.2
20240507230940_switch	8.0.2
20240508103825_tasks	8.0.2
20240508104003_tasks2	8.0.2
\.


--
-- Name: AspNetRoleClaims_Id_seq; Type: SEQUENCE SET; Schema: public; Owner: postgres
--

SELECT pg_catalog.setval('public."AspNetRoleClaims_Id_seq"', 1, false);


--
-- Name: AspNetUserClaims_Id_seq; Type: SEQUENCE SET; Schema: public; Owner: postgres
--

SELECT pg_catalog.setval('public."AspNetUserClaims_Id_seq"', 1, false);


--
-- Name: Services_Id_seq; Type: SEQUENCE SET; Schema: public; Owner: postgres
--

SELECT pg_catalog.setval('public."Services_Id_seq"', 3, true);


--
-- Name: Tasks_Id_seq; Type: SEQUENCE SET; Schema: public; Owner: postgres
--

SELECT pg_catalog.setval('public."Tasks_Id_seq"', 1, false);


--
-- Name: AppUserTask PK_AppUserTask; Type: CONSTRAINT; Schema: public; Owner: postgres
--

ALTER TABLE ONLY public."AppUserTask"
    ADD CONSTRAINT "PK_AppUserTask" PRIMARY KEY ("TasksId", "UsersId");


--
-- Name: AspNetRoleClaims PK_AspNetRoleClaims; Type: CONSTRAINT; Schema: public; Owner: postgres
--

ALTER TABLE ONLY public."AspNetRoleClaims"
    ADD CONSTRAINT "PK_AspNetRoleClaims" PRIMARY KEY ("Id");


--
-- Name: AspNetRoles PK_AspNetRoles; Type: CONSTRAINT; Schema: public; Owner: postgres
--

ALTER TABLE ONLY public."AspNetRoles"
    ADD CONSTRAINT "PK_AspNetRoles" PRIMARY KEY ("Id");


--
-- Name: AspNetUserClaims PK_AspNetUserClaims; Type: CONSTRAINT; Schema: public; Owner: postgres
--

ALTER TABLE ONLY public."AspNetUserClaims"
    ADD CONSTRAINT "PK_AspNetUserClaims" PRIMARY KEY ("Id");


--
-- Name: AspNetUserLogins PK_AspNetUserLogins; Type: CONSTRAINT; Schema: public; Owner: postgres
--

ALTER TABLE ONLY public."AspNetUserLogins"
    ADD CONSTRAINT "PK_AspNetUserLogins" PRIMARY KEY ("LoginProvider", "ProviderKey");


--
-- Name: AspNetUserRoles PK_AspNetUserRoles; Type: CONSTRAINT; Schema: public; Owner: postgres
--

ALTER TABLE ONLY public."AspNetUserRoles"
    ADD CONSTRAINT "PK_AspNetUserRoles" PRIMARY KEY ("UserId", "RoleId");


--
-- Name: AspNetUserTokens PK_AspNetUserTokens; Type: CONSTRAINT; Schema: public; Owner: postgres
--

ALTER TABLE ONLY public."AspNetUserTokens"
    ADD CONSTRAINT "PK_AspNetUserTokens" PRIMARY KEY ("UserId", "LoginProvider", "Name");


--
-- Name: AspNetUsers PK_AspNetUsers; Type: CONSTRAINT; Schema: public; Owner: postgres
--

ALTER TABLE ONLY public."AspNetUsers"
    ADD CONSTRAINT "PK_AspNetUsers" PRIMARY KEY ("Id");


--
-- Name: Services PK_Services; Type: CONSTRAINT; Schema: public; Owner: postgres
--

ALTER TABLE ONLY public."Services"
    ADD CONSTRAINT "PK_Services" PRIMARY KEY ("Id");


--
-- Name: Tasks PK_Tasks; Type: CONSTRAINT; Schema: public; Owner: postgres
--

ALTER TABLE ONLY public."Tasks"
    ADD CONSTRAINT "PK_Tasks" PRIMARY KEY ("Id");


--
-- Name: __EFMigrationsHistory PK___EFMigrationsHistory; Type: CONSTRAINT; Schema: public; Owner: postgres
--

ALTER TABLE ONLY public."__EFMigrationsHistory"
    ADD CONSTRAINT "PK___EFMigrationsHistory" PRIMARY KEY ("MigrationId");


--
-- Name: EmailIndex; Type: INDEX; Schema: public; Owner: postgres
--

CREATE INDEX "EmailIndex" ON public."AspNetUsers" USING btree ("NormalizedEmail");


--
-- Name: IX_AppUserTask_UsersId; Type: INDEX; Schema: public; Owner: postgres
--

CREATE INDEX "IX_AppUserTask_UsersId" ON public."AppUserTask" USING btree ("UsersId");


--
-- Name: IX_AspNetRoleClaims_RoleId; Type: INDEX; Schema: public; Owner: postgres
--

CREATE INDEX "IX_AspNetRoleClaims_RoleId" ON public."AspNetRoleClaims" USING btree ("RoleId");


--
-- Name: IX_AspNetUserClaims_UserId; Type: INDEX; Schema: public; Owner: postgres
--

CREATE INDEX "IX_AspNetUserClaims_UserId" ON public."AspNetUserClaims" USING btree ("UserId");


--
-- Name: IX_AspNetUserLogins_UserId; Type: INDEX; Schema: public; Owner: postgres
--

CREATE INDEX "IX_AspNetUserLogins_UserId" ON public."AspNetUserLogins" USING btree ("UserId");


--
-- Name: IX_AspNetUserRoles_RoleId; Type: INDEX; Schema: public; Owner: postgres
--

CREATE INDEX "IX_AspNetUserRoles_RoleId" ON public."AspNetUserRoles" USING btree ("RoleId");


--
-- Name: RoleNameIndex; Type: INDEX; Schema: public; Owner: postgres
--

CREATE UNIQUE INDEX "RoleNameIndex" ON public."AspNetRoles" USING btree ("NormalizedName");


--
-- Name: UserNameIndex; Type: INDEX; Schema: public; Owner: postgres
--

CREATE UNIQUE INDEX "UserNameIndex" ON public."AspNetUsers" USING btree ("NormalizedUserName");


--
-- Name: AppUserTask FK_AppUserTask_AspNetUsers_UsersId; Type: FK CONSTRAINT; Schema: public; Owner: postgres
--

ALTER TABLE ONLY public."AppUserTask"
    ADD CONSTRAINT "FK_AppUserTask_AspNetUsers_UsersId" FOREIGN KEY ("UsersId") REFERENCES public."AspNetUsers"("Id") ON DELETE CASCADE;


--
-- Name: AppUserTask FK_AppUserTask_Tasks_TasksId; Type: FK CONSTRAINT; Schema: public; Owner: postgres
--

ALTER TABLE ONLY public."AppUserTask"
    ADD CONSTRAINT "FK_AppUserTask_Tasks_TasksId" FOREIGN KEY ("TasksId") REFERENCES public."Tasks"("Id") ON DELETE CASCADE;


--
-- Name: AspNetRoleClaims FK_AspNetRoleClaims_AspNetRoles_RoleId; Type: FK CONSTRAINT; Schema: public; Owner: postgres
--

ALTER TABLE ONLY public."AspNetRoleClaims"
    ADD CONSTRAINT "FK_AspNetRoleClaims_AspNetRoles_RoleId" FOREIGN KEY ("RoleId") REFERENCES public."AspNetRoles"("Id") ON DELETE CASCADE;


--
-- Name: AspNetUserClaims FK_AspNetUserClaims_AspNetUsers_UserId; Type: FK CONSTRAINT; Schema: public; Owner: postgres
--

ALTER TABLE ONLY public."AspNetUserClaims"
    ADD CONSTRAINT "FK_AspNetUserClaims_AspNetUsers_UserId" FOREIGN KEY ("UserId") REFERENCES public."AspNetUsers"("Id") ON DELETE CASCADE;


--
-- Name: AspNetUserLogins FK_AspNetUserLogins_AspNetUsers_UserId; Type: FK CONSTRAINT; Schema: public; Owner: postgres
--

ALTER TABLE ONLY public."AspNetUserLogins"
    ADD CONSTRAINT "FK_AspNetUserLogins_AspNetUsers_UserId" FOREIGN KEY ("UserId") REFERENCES public."AspNetUsers"("Id") ON DELETE CASCADE;


--
-- Name: AspNetUserRoles FK_AspNetUserRoles_AspNetRoles_RoleId; Type: FK CONSTRAINT; Schema: public; Owner: postgres
--

ALTER TABLE ONLY public."AspNetUserRoles"
    ADD CONSTRAINT "FK_AspNetUserRoles_AspNetRoles_RoleId" FOREIGN KEY ("RoleId") REFERENCES public."AspNetRoles"("Id") ON DELETE CASCADE;


--
-- Name: AspNetUserRoles FK_AspNetUserRoles_AspNetUsers_UserId; Type: FK CONSTRAINT; Schema: public; Owner: postgres
--

ALTER TABLE ONLY public."AspNetUserRoles"
    ADD CONSTRAINT "FK_AspNetUserRoles_AspNetUsers_UserId" FOREIGN KEY ("UserId") REFERENCES public."AspNetUsers"("Id") ON DELETE CASCADE;


--
-- Name: AspNetUserTokens FK_AspNetUserTokens_AspNetUsers_UserId; Type: FK CONSTRAINT; Schema: public; Owner: postgres
--

ALTER TABLE ONLY public."AspNetUserTokens"
    ADD CONSTRAINT "FK_AspNetUserTokens_AspNetUsers_UserId" FOREIGN KEY ("UserId") REFERENCES public."AspNetUsers"("Id") ON DELETE CASCADE;


--
-- PostgreSQL database dump complete
--

