--
-- PostgreSQL database dump
--

-- Dumped from database version 16.2 (Debian 16.2-1.pgdg120+2)
-- Dumped by pg_dump version 16.2

SET statement_timeout = 0;
SET lock_timeout = 0;
SET idle_in_transaction_session_timeout = 0;
SET client_encoding = 'UTF8';
SET standard_conforming_strings = on;
SELECT pg_catalog.set_config('search_path', '', false);
SET check_function_bodies = false;
SET xmloption = content;
SET client_min_messages = warning;
SET row_security = off;

SET default_tablespace = '';

SET default_table_access_method = heap;

--
-- Name: AspNetRoleClaims; Type: TABLE; Schema: public; Owner: postgres
--

CREATE TABLE public."AspNetRoleClaims" (
    "Id" integer NOT NULL,
    "RoleId" text NOT NULL,
    "ClaimType" text,
    "ClaimValue" text
);


ALTER TABLE public."AspNetRoleClaims" OWNER TO postgres;

--
-- Name: AspNetRoleClaims_Id_seq; Type: SEQUENCE; Schema: public; Owner: postgres
--

ALTER TABLE public."AspNetRoleClaims" ALTER COLUMN "Id" ADD GENERATED BY DEFAULT AS IDENTITY (
    SEQUENCE NAME public."AspNetRoleClaims_Id_seq"
    START WITH 1
    INCREMENT BY 1
    NO MINVALUE
    NO MAXVALUE
    CACHE 1
);


--
-- Name: AspNetRoles; Type: TABLE; Schema: public; Owner: postgres
--

CREATE TABLE public."AspNetRoles" (
    "Id" text NOT NULL,
    "Name" character varying(256),
    "NormalizedName" character varying(256),
    "ConcurrencyStamp" text
);


ALTER TABLE public."AspNetRoles" OWNER TO postgres;

--
-- Name: AspNetUserClaims; Type: TABLE; Schema: public; Owner: postgres
--

CREATE TABLE public."AspNetUserClaims" (
    "Id" integer NOT NULL,
    "UserId" text NOT NULL,
    "ClaimType" text,
    "ClaimValue" text
);


ALTER TABLE public."AspNetUserClaims" OWNER TO postgres;

--
-- Name: AspNetUserClaims_Id_seq; Type: SEQUENCE; Schema: public; Owner: postgres
--

ALTER TABLE public."AspNetUserClaims" ALTER COLUMN "Id" ADD GENERATED BY DEFAULT AS IDENTITY (
    SEQUENCE NAME public."AspNetUserClaims_Id_seq"
    START WITH 1
    INCREMENT BY 1
    NO MINVALUE
    NO MAXVALUE
    CACHE 1
);


--
-- Name: AspNetUserLogins; Type: TABLE; Schema: public; Owner: postgres
--

CREATE TABLE public."AspNetUserLogins" (
    "LoginProvider" text NOT NULL,
    "ProviderKey" text NOT NULL,
    "ProviderDisplayName" text,
    "UserId" text NOT NULL
);


ALTER TABLE public."AspNetUserLogins" OWNER TO postgres;

--
-- Name: AspNetUserRoles; Type: TABLE; Schema: public; Owner: postgres
--

CREATE TABLE public."AspNetUserRoles" (
    "UserId" text NOT NULL,
    "RoleId" text NOT NULL
);


ALTER TABLE public."AspNetUserRoles" OWNER TO postgres;

--
-- Name: AspNetUserTokens; Type: TABLE; Schema: public; Owner: postgres
--

CREATE TABLE public."AspNetUserTokens" (
    "UserId" text NOT NULL,
    "LoginProvider" text NOT NULL,
    "Name" text NOT NULL,
    "Value" text
);


ALTER TABLE public."AspNetUserTokens" OWNER TO postgres;

--
-- Name: AspNetUsers; Type: TABLE; Schema: public; Owner: postgres
--

CREATE TABLE public."AspNetUsers" (
    "Id" text NOT NULL,
    "Group" text,
    "UserName" character varying(256),
    "NormalizedUserName" character varying(256),
    "Email" character varying(256),
    "NormalizedEmail" character varying(256),
    "EmailConfirmed" boolean NOT NULL,
    "PasswordHash" text,
    "SecurityStamp" text,
    "ConcurrencyStamp" text,
    "PhoneNumber" text,
    "PhoneNumberConfirmed" boolean NOT NULL,
    "TwoFactorEnabled" boolean NOT NULL,
    "LockoutEnd" timestamp with time zone,
    "LockoutEnabled" boolean NOT NULL,
    "AccessFailedCount" integer NOT NULL,
    "DirectionOfStudy" text DEFAULT ''::text,
    "Gender" text DEFAULT ''::text NOT NULL,
    "INN" text DEFAULT ''::text NOT NULL,
    "Name" text DEFAULT ''::text NOT NULL,
    "Passport" text DEFAULT ''::text NOT NULL,
    "SNILS" text DEFAULT ''::text NOT NULL,
    "ServiceNumber" text DEFAULT ''::text,
    "Discriminator" character varying(13) DEFAULT ''::character varying NOT NULL,
    "Post" text,
    "Institute" text
);


ALTER TABLE public."AspNetUsers" OWNER TO postgres;

--
-- Name: Services; Type: TABLE; Schema: public; Owner: postgres
--

CREATE TABLE public."Services" (
    "Id" integer NOT NULL,
    "Name" text NOT NULL,
    "Description" text NOT NULL,
    "FileName" text NOT NULL,
    "Type" integer NOT NULL
);


ALTER TABLE public."Services" OWNER TO postgres;

--
-- Name: Services_Id_seq; Type: SEQUENCE; Schema: public; Owner: postgres
--

ALTER TABLE public."Services" ALTER COLUMN "Id" ADD GENERATED BY DEFAULT AS IDENTITY (
    SEQUENCE NAME public."Services_Id_seq"
    START WITH 1
    INCREMENT BY 1
    NO MINVALUE
    NO MAXVALUE
    CACHE 1
);


--
-- Name: __EFMigrationsHistory; Type: TABLE; Schema: public; Owner: postgres
--

CREATE TABLE public."__EFMigrationsHistory" (
    "MigrationId" character varying(150) NOT NULL,
    "ProductVersion" character varying(32) NOT NULL
);


ALTER TABLE public."__EFMigrationsHistory" OWNER TO postgres;

--
-- Data for Name: AspNetRoleClaims; Type: TABLE DATA; Schema: public; Owner: postgres
--

COPY public."AspNetRoleClaims" ("Id", "RoleId", "ClaimType", "ClaimValue") FROM stdin;
\.


--
-- Data for Name: AspNetRoles; Type: TABLE DATA; Schema: public; Owner: postgres
--

COPY public."AspNetRoles" ("Id", "Name", "NormalizedName", "ConcurrencyStamp") FROM stdin;
bd376a8f-9eab-4bb9-9fca-40b01540f446	admin	ADMIN	\N
bd376a8f-9eab-4bb9-9fca-40b01540f447	student	STUDENT	\N
bd376a8f-9eab-4bb9-9fca-40b01540f448	employee	EMPLOYEE	\N
\.


--
-- Data for Name: AspNetUserClaims; Type: TABLE DATA; Schema: public; Owner: postgres
--

COPY public."AspNetUserClaims" ("Id", "UserId", "ClaimType", "ClaimValue") FROM stdin;
\.


--
-- Data for Name: AspNetUserLogins; Type: TABLE DATA; Schema: public; Owner: postgres
--

COPY public."AspNetUserLogins" ("LoginProvider", "ProviderKey", "ProviderDisplayName", "UserId") FROM stdin;
\.


--
-- Data for Name: AspNetUserRoles; Type: TABLE DATA; Schema: public; Owner: postgres
--

COPY public."AspNetUserRoles" ("UserId", "RoleId") FROM stdin;
b18be9c0-aa65-4af8-1d17-10bd9344e588	bd376a8f-9eab-4bb9-9fca-40b01540f447
b18be9c0-aa65-4af8-bd17-10bd9344e587	bd376a8f-9eab-4bb9-9fca-40b01540f447
b18be9c0-aa65-4af8-bd17-10bd9344e588	bd376a8f-9eab-4bb9-9fca-40b01540f448
d9d7964a-72ba-40e1-ab4f-089a7c67c700	bd376a8f-9eab-4bb9-9fca-40b01540f448
c2f30f4c-f8d9-413b-ad9c-5d70caa8061b	bd376a8f-9eab-4bb9-9fca-40b01540f447
165f2791-5982-4c3d-9f08-ffcab5d96247	bd376a8f-9eab-4bb9-9fca-40b01540f447
c18be9c0-aa65-4af8-bd17-10bd9344e586	bd376a8f-9eab-4bb9-9fca-40b01540f446
\.


--
-- Data for Name: AspNetUserTokens; Type: TABLE DATA; Schema: public; Owner: postgres
--

COPY public."AspNetUserTokens" ("UserId", "LoginProvider", "Name", "Value") FROM stdin;
\.


--
-- Data for Name: AspNetUsers; Type: TABLE DATA; Schema: public; Owner: postgres
--

COPY public."AspNetUsers" ("Id", "Group", "UserName", "NormalizedUserName", "Email", "NormalizedEmail", "EmailConfirmed", "PasswordHash", "SecurityStamp", "ConcurrencyStamp", "PhoneNumber", "PhoneNumberConfirmed", "TwoFactorEnabled", "LockoutEnd", "LockoutEnabled", "AccessFailedCount", "DirectionOfStudy", "Gender", "INN", "Name", "Passport", "SNILS", "ServiceNumber", "Discriminator", "Post", "Institute") FROM stdin;
e357f292-56ae-4879-a095-23da4c9a8b16	string	string	STRING	user@example.com	USER@EXAMPLE.COM	f	AQAAAAIAAYagAAAAEFRmmFDXFO0zP0yoTMFGRqetN4//EthMaXzBBjot3vSSC1UHLTIWMTa+stKwh/Tisg==	OTVTJNMZC7J23USNPP5CTNJZS4WZQOLQ	5d836cc6-e749-4de6-9966-0dd96aecea50	string	f	f	\N	t	0	string	string	string	{"First":"string","Second":"string","Middle":"string"}	{"Series":"string","Number":"string","UnitCode":"string","PlaceOfBrith":"string","DateOfBrith":"2024-05-01","DateOfIssue":"2024-05-01","Citizenship":"string"}	string	string		\N	\N
d9d7964a-72ba-40e1-ab4f-089a7c67c700	\N	employee2	EMPLOYEE2	user@example.com	USER@EXAMPLE.COM	f	AQAAAAIAAYagAAAAECv5BeZ1wvV+vKNbUumfTn74Dr1YUcWyOXihXrMVCk3K+fU96MGodeXR0rSFIlEI4Q==	37FYZHLLPNOJKJYW76KUNS2X3JYD55LM	a7c971ce-8bf9-470a-9ec0-404d5f2b0567	string	f	f	\N	t	0		string	string	{"First":"string","Second":"string","Middle":"string"}	{"Series":"string","Number":"string","UnitCode":"string","PlaceOfBrith":"string","DateOfBrith":"2024-05-03","DateOfIssue":"2024-05-03","Citizenship":"string"}	string		EmployeeUser		\N
c2f30f4c-f8d9-413b-ad9c-5d70caa8061b	string	string5	STRING5	user@example.com	USER@EXAMPLE.COM	f	AQAAAAIAAYagAAAAEP82kQxBrW3rK//G+XKTy3a7QUoSP49yNgjUuCgCBfCvub1Fc9Yy7s9zjoCRJBcqHg==	NQR4E2KLWNPT6AIJCICCTW2MKIT7DNY5	99b7fce6-65b2-45ad-9252-0f8e455e0850	string	f	f	\N	t	0	string	string	string	{"First":"string","Second":"string","Middle":"string"}	{"Series":"string","Number":"string","UnitCode":"string","PlaceOfBrith":"string","DateOfBrith":"2024-05-05","DateOfIssue":"2024-05-05","Citizenship":"string"}	string	string	StudentUser	\N	\N
b18be9c0-aa65-4af8-1d17-10bd9344e588	УВП-411	Nastya	NASTYA	Nastya@example.com	NASTYA@EXAMPLE.COM	f	AQAAAAIAAYagAAAAEMemz6jBuxMQMeYWr9j77Pn09XBb16kbHYlCUzWee3na/Rvfr77uPRUtbCLdp/p1og==		f728f52b-5598-41ef-af01-69afd00752d6	\N	f	f	\N	f	0	09.03.01	Женский	7777065424	{"First":"\\u0410\\u043D\\u0430\\u0441\\u0442\\u0430\\u0441\\u0438\\u044F","Second":"\\u041A\\u043E\\u043D\\u0441\\u0442\\u0430\\u043D\\u0442\\u0438\\u043D\\u043E\\u0432\\u0430","Middle":"\\u0412\\u0438\\u0442\\u0430\\u043B\\u044C\\u0435\\u0432\\u043D\\u0430"}	{"Series":"4517","Number":"543254","UnitCode":"432-632","PlaceOfBrith":"\\u0413. \\u041C\\u043E\\u0441\\u043A\\u0432\\u0430","DateOfBrith":"2002-02-14","DateOfIssue":"2024-12-03","Citizenship":"\\u0420\\u043E\\u0441\\u0441\\u0438\\u0439\\u0441\\u043A\\u0430\\u044F \\u0424\\u0435\\u0434\\u0435\\u0440\\u0430\\u0446\\u0438\\u044F"}	375232753	12345678	StudentUser	\N	\N
b18be9c0-aa65-4af8-bd17-10bd9344e587	УВП-411	Dmitry	DMITRY	Dmitry@example.com	DMITRY@EXAMPLE.COM	f	AQAAAAIAAYagAAAAEN/X6IQJ/eB+OWKdXkV48G+iMgE5Z3u71b/NwYPDjp8Zc3+NG5pL622udI+JUTxNsw==		cfa32fd5-b3d2-437f-85b9-671824f86fd5	\N	f	f	\N	f	0	09.03.01	Мужской	7777065424	{"First":"\\u0414\\u043C\\u0438\\u0442\\u0440\\u0438\\u0439","Second":"\\u0411\\u043E\\u043B\\u0442\\u0430\\u0447\\u0435\\u0432","Middle":"\\u041C\\u0438\\u0445\\u0430\\u0439\\u043B\\u043E\\u0432\\u0438\\u0447"}	{"Series":"4517","Number":"543254","UnitCode":"432-632","PlaceOfBrith":"\\u0413. \\u041C\\u043E\\u0441\\u043A\\u0432\\u0430","DateOfBrith":"2002-02-14","DateOfIssue":"2024-12-03","Citizenship":"\\u0420\\u043E\\u0441\\u0441\\u0438\\u0439\\u0441\\u043A\\u0430\\u044F \\u0424\\u0435\\u0434\\u0435\\u0440\\u0430\\u0446\\u0438\\u044F"}	375232753	12345678	StudentUser	\N	\N
165f2791-5982-4c3d-9f08-ffcab5d96247	УВП-411	demasto	DEMASTO	new@mail.ru	NEW@MAIL.RU	t	AQAAAAIAAYagAAAAEAvVkqSBkga7ECSjkR5/ZEkd43NugKzg2Ji1tV7XDmXl0indNae1EtO25uUapBk5AA==	IZ5BNCQC4VEYMGAYNCLL7O4D6MBQMOXZ	85fa2a36-1bb0-4f27-8dcb-ce2faf4f6bc3	string	f	f	\N	t	0	09.03.01	string	string	{"First":"string","Second":"string","Middle":"string"}	{"Series":"string","Number":"string","UnitCode":"string","PlaceOfBrith":"string","DateOfBrith":"2024-05-07","DateOfIssue":"2024-05-07","Citizenship":"string"}	string	423423	StudentUser	\N	\N
b18be9c0-aa65-4af8-bd17-10bd9344e588	\N	employee	EMPLOYEE	employee@example.com	EMPLOYEE@EXAMPLE.COM	f	AQAAAAIAAYagAAAAEGxzMi0VQcI3AEGYFy8PURBXEJNLfz148/O9bDuCPlutAN9ypWZwQc0VexiJfSHe+Q==		cc393f99-d984-455d-bba0-8017f1400768	\N	f	f	\N	f	0		Мужской	7777065424	{"First":"\\u0420\\u0430\\u0431\\u043E\\u0442\\u043D\\u0438\\u043A","Second":"\\u041C\\u0418\\u0418\\u0422\\u041E\\u0412","Middle":"\\u0418\\u043D\\u0441\\u0442\\u0438\\u0442\\u0443\\u0442\\u043E\\u0432\\u0438\\u0447"}	{"Series":"4517","Number":"543254","UnitCode":"432-632","PlaceOfBrith":"\\u0413. \\u041C\\u043E\\u0441\\u043A\\u0432\\u0430","DateOfBrith":"2002-02-14","DateOfIssue":"2024-12-03","Citizenship":"\\u0420\\u043E\\u0441\\u0441\\u0438\\u0439\\u0441\\u043A\\u0430\\u044F \\u0424\\u0435\\u0434\\u0435\\u0440\\u0430\\u0446\\u0438\\u044F"}	375232753		EmployeeUser	Доцент	
c18be9c0-aa65-4af8-bd17-10bd9344e586	\N	admin	ADMIN	admin@example.com	ADMIN@EXAMPLE.COM	f	AQAAAAIAAYagAAAAEN6yg4kXryprhVNiwp5vX7NCnGXnr7sZJIGCiids1OsWzqFUzzCsEK1GQTbiQBx1+w==		274e8c7e-b6a9-416f-ad58-bab04bca3a6a	\N	f	f	\N	f	0		admin	7777065424	{"First":"Admin","Second":"Adminov","Middle":"Adminovich"}	{"Series":"4517","Number":"543254","UnitCode":"432-632","PlaceOfBrith":"\\u0413. \\u041C\\u043E\\u0441\\u043A\\u0432\\u0430","DateOfBrith":"2002-02-14","DateOfIssue":"2024-12-03","Citizenship":"\\u0420\\u043E\\u0441\\u0441\\u0438\\u0439\\u0441\\u043A\\u0430\\u044F \\u0424\\u0435\\u0434\\u0435\\u0440\\u0430\\u0446\\u0438\\u044F"}	375232753		AppUser	\N	\N
\.


--
-- Data for Name: Services; Type: TABLE DATA; Schema: public; Owner: postgres
--

COPY public."Services" ("Id", "Name", "Description", "FileName", "Type") FROM stdin;
\.


--
-- Data for Name: __EFMigrationsHistory; Type: TABLE DATA; Schema: public; Owner: postgres
--

COPY public."__EFMigrationsHistory" ("MigrationId", "ProductVersion") FROM stdin;
20240429172455_Initial	8.0.2
20240429214817_AddDefaultUser	8.0.2
20240429221359_AddDefaultUser2	8.0.2
20240429221922_AddDefaultUser3	8.0.2
20240430095855_AddedStudents	8.0.2
20240430125840_AddedMoreInfoAboutStudents	8.0.2
20240430131620_FixedNames	8.0.2
20240430222233_ChangedDateProps	8.0.2
20240430224528_ChangedDate	8.0.2
20240430224728_ChangedDate2	8.0.2
20240503182923_AddedRole	8.0.2
20240503185422_AddedRole2	8.0.2
20240503190549_AddedEmployee	8.0.2
20240504202839_RemoveTabels	8.0.2
20240505141213_new	8.0.2
20240507145440_services	8.0.2
20240507192544_newpropemloyee	8.0.2
20240507230728_switchadminclass	8.0.2
20240507230940_switch	8.0.2
\.


--
-- Name: AspNetRoleClaims_Id_seq; Type: SEQUENCE SET; Schema: public; Owner: postgres
--

SELECT pg_catalog.setval('public."AspNetRoleClaims_Id_seq"', 1, false);


--
-- Name: AspNetUserClaims_Id_seq; Type: SEQUENCE SET; Schema: public; Owner: postgres
--

SELECT pg_catalog.setval('public."AspNetUserClaims_Id_seq"', 1, false);


--
-- Name: Services_Id_seq; Type: SEQUENCE SET; Schema: public; Owner: postgres
--

SELECT pg_catalog.setval('public."Services_Id_seq"', 3, true);


--
-- Name: AspNetRoleClaims PK_AspNetRoleClaims; Type: CONSTRAINT; Schema: public; Owner: postgres
--

ALTER TABLE ONLY public."AspNetRoleClaims"
    ADD CONSTRAINT "PK_AspNetRoleClaims" PRIMARY KEY ("Id");


--
-- Name: AspNetRoles PK_AspNetRoles; Type: CONSTRAINT; Schema: public; Owner: postgres
--

ALTER TABLE ONLY public."AspNetRoles"
    ADD CONSTRAINT "PK_AspNetRoles" PRIMARY KEY ("Id");


--
-- Name: AspNetUserClaims PK_AspNetUserClaims; Type: CONSTRAINT; Schema: public; Owner: postgres
--

ALTER TABLE ONLY public."AspNetUserClaims"
    ADD CONSTRAINT "PK_AspNetUserClaims" PRIMARY KEY ("Id");


--
-- Name: AspNetUserLogins PK_AspNetUserLogins; Type: CONSTRAINT; Schema: public; Owner: postgres
--

ALTER TABLE ONLY public."AspNetUserLogins"
    ADD CONSTRAINT "PK_AspNetUserLogins" PRIMARY KEY ("LoginProvider", "ProviderKey");


--
-- Name: AspNetUserRoles PK_AspNetUserRoles; Type: CONSTRAINT; Schema: public; Owner: postgres
--

ALTER TABLE ONLY public."AspNetUserRoles"
    ADD CONSTRAINT "PK_AspNetUserRoles" PRIMARY KEY ("UserId", "RoleId");


--
-- Name: AspNetUserTokens PK_AspNetUserTokens; Type: CONSTRAINT; Schema: public; Owner: postgres
--

ALTER TABLE ONLY public."AspNetUserTokens"
    ADD CONSTRAINT "PK_AspNetUserTokens" PRIMARY KEY ("UserId", "LoginProvider", "Name");


--
-- Name: AspNetUsers PK_AspNetUsers; Type: CONSTRAINT; Schema: public; Owner: postgres
--

ALTER TABLE ONLY public."AspNetUsers"
    ADD CONSTRAINT "PK_AspNetUsers" PRIMARY KEY ("Id");


--
-- Name: Services PK_Services; Type: CONSTRAINT; Schema: public; Owner: postgres
--

ALTER TABLE ONLY public."Services"
    ADD CONSTRAINT "PK_Services" PRIMARY KEY ("Id");


--
-- Name: __EFMigrationsHistory PK___EFMigrationsHistory; Type: CONSTRAINT; Schema: public; Owner: postgres
--

ALTER TABLE ONLY public."__EFMigrationsHistory"
    ADD CONSTRAINT "PK___EFMigrationsHistory" PRIMARY KEY ("MigrationId");


--
-- Name: EmailIndex; Type: INDEX; Schema: public; Owner: postgres
--

CREATE INDEX "EmailIndex" ON public."AspNetUsers" USING btree ("NormalizedEmail");


--
-- Name: IX_AspNetRoleClaims_RoleId; Type: INDEX; Schema: public; Owner: postgres
--

CREATE INDEX "IX_AspNetRoleClaims_RoleId" ON public."AspNetRoleClaims" USING btree ("RoleId");


--
-- Name: IX_AspNetUserClaims_UserId; Type: INDEX; Schema: public; Owner: postgres
--

CREATE INDEX "IX_AspNetUserClaims_UserId" ON public."AspNetUserClaims" USING btree ("UserId");


--
-- Name: IX_AspNetUserLogins_UserId; Type: INDEX; Schema: public; Owner: postgres
--

CREATE INDEX "IX_AspNetUserLogins_UserId" ON public."AspNetUserLogins" USING btree ("UserId");


--
-- Name: IX_AspNetUserRoles_RoleId; Type: INDEX; Schema: public; Owner: postgres
--

CREATE INDEX "IX_AspNetUserRoles_RoleId" ON public."AspNetUserRoles" USING btree ("RoleId");


--
-- Name: RoleNameIndex; Type: INDEX; Schema: public; Owner: postgres
--

CREATE UNIQUE INDEX "RoleNameIndex" ON public."AspNetRoles" USING btree ("NormalizedName");


--
-- Name: UserNameIndex; Type: INDEX; Schema: public; Owner: postgres
--

CREATE UNIQUE INDEX "UserNameIndex" ON public."AspNetUsers" USING btree ("NormalizedUserName");


--
-- Name: AspNetRoleClaims FK_AspNetRoleClaims_AspNetRoles_RoleId; Type: FK CONSTRAINT; Schema: public; Owner: postgres
--

ALTER TABLE ONLY public."AspNetRoleClaims"
    ADD CONSTRAINT "FK_AspNetRoleClaims_AspNetRoles_RoleId" FOREIGN KEY ("RoleId") REFERENCES public."AspNetRoles"("Id") ON DELETE CASCADE;


--
-- Name: AspNetUserClaims FK_AspNetUserClaims_AspNetUsers_UserId; Type: FK CONSTRAINT; Schema: public; Owner: postgres
--

ALTER TABLE ONLY public."AspNetUserClaims"
    ADD CONSTRAINT "FK_AspNetUserClaims_AspNetUsers_UserId" FOREIGN KEY ("UserId") REFERENCES public."AspNetUsers"("Id") ON DELETE CASCADE;


--
-- Name: AspNetUserLogins FK_AspNetUserLogins_AspNetUsers_UserId; Type: FK CONSTRAINT; Schema: public; Owner: postgres
--

ALTER TABLE ONLY public."AspNetUserLogins"
    ADD CONSTRAINT "FK_AspNetUserLogins_AspNetUsers_UserId" FOREIGN KEY ("UserId") REFERENCES public."AspNetUsers"("Id") ON DELETE CASCADE;


--
-- Name: AspNetUserRoles FK_AspNetUserRoles_AspNetRoles_RoleId; Type: FK CONSTRAINT; Schema: public; Owner: postgres
--

ALTER TABLE ONLY public."AspNetUserRoles"
    ADD CONSTRAINT "FK_AspNetUserRoles_AspNetRoles_RoleId" FOREIGN KEY ("RoleId") REFERENCES public."AspNetRoles"("Id") ON DELETE CASCADE;


--
-- Name: AspNetUserRoles FK_AspNetUserRoles_AspNetUsers_UserId; Type: FK CONSTRAINT; Schema: public; Owner: postgres
--

ALTER TABLE ONLY public."AspNetUserRoles"
    ADD CONSTRAINT "FK_AspNetUserRoles_AspNetUsers_UserId" FOREIGN KEY ("UserId") REFERENCES public."AspNetUsers"("Id") ON DELETE CASCADE;


--
-- Name: AspNetUserTokens FK_AspNetUserTokens_AspNetUsers_UserId; Type: FK CONSTRAINT; Schema: public; Owner: postgres
--

ALTER TABLE ONLY public."AspNetUserTokens"
    ADD CONSTRAINT "FK_AspNetUserTokens_AspNetUsers_UserId" FOREIGN KEY ("UserId") REFERENCES public."AspNetUsers"("Id") ON DELETE CASCADE;


--
-- PostgreSQL database dump complete
--

