--
-- PostgreSQL database dump
--

-- Dumped from database version 16.2 (Debian 16.2-1.pgdg120+2)
-- Dumped by pg_dump version 16.2

SET statement_timeout = 0;
SET lock_timeout = 0;
SET idle_in_transaction_session_timeout = 0;
SET client_encoding = 'UTF8';
SET standard_conforming_strings = on;
SELECT pg_catalog.set_config('search_path', '', false);
SET check_function_bodies = false;
SET xmloption = content;
SET client_min_messages = warning;
SET row_security = off;

SET default_tablespace = '';

SET default_table_access_method = heap;

--
-- Name: AspNetRoleClaims; Type: TABLE; Schema: public; Owner: postgres
--

CREATE TABLE public."AspNetRoleClaims" (
    "Id" integer NOT NULL,
    "RoleId" text NOT NULL,
    "ClaimType" text,
    "ClaimValue" text
);


ALTER TABLE public."AspNetRoleClaims" OWNER TO postgres;

--
-- Name: AspNetRoleClaims_Id_seq; Type: SEQUENCE; Schema: public; Owner: postgres
--

ALTER TABLE public."AspNetRoleClaims" ALTER COLUMN "Id" ADD GENERATED BY DEFAULT AS IDENTITY (
    SEQUENCE NAME public."AspNetRoleClaims_Id_seq"
    START WITH 1
    INCREMENT BY 1
    NO MINVALUE
    NO MAXVALUE
    CACHE 1
);


--
-- Name: AspNetRoles; Type: TABLE; Schema: public; Owner: postgres
--

CREATE TABLE public."AspNetRoles" (
    "Id" text NOT NULL,
    "Name" character varying(256),
    "NormalizedName" character varying(256),
    "ConcurrencyStamp" text
);


ALTER TABLE public."AspNetRoles" OWNER TO postgres;

--
-- Name: AspNetUserClaims; Type: TABLE; Schema: public; Owner: postgres
--

CREATE TABLE public."AspNetUserClaims" (
    "Id" integer NOT NULL,
    "UserId" text NOT NULL,
    "ClaimType" text,
    "ClaimValue" text
);


ALTER TABLE public."AspNetUserClaims" OWNER TO postgres;

--
-- Name: AspNetUserClaims_Id_seq; Type: SEQUENCE; Schema: public; Owner: postgres
--

ALTER TABLE public."AspNetUserClaims" ALTER COLUMN "Id" ADD GENERATED BY DEFAULT AS IDENTITY (
    SEQUENCE NAME public."AspNetUserClaims_Id_seq"
    START WITH 1
    INCREMENT BY 1
    NO MINVALUE
    NO MAXVALUE
    CACHE 1
);


--
-- Name: AspNetUserLogins; Type: TABLE; Schema: public; Owner: postgres
--

CREATE TABLE public."AspNetUserLogins" (
    "LoginProvider" text NOT NULL,
    "ProviderKey" text NOT NULL,
    "ProviderDisplayName" text,
    "UserId" text NOT NULL
);


ALTER TABLE public."AspNetUserLogins" OWNER TO postgres;

--
-- Name: AspNetUserRoles; Type: TABLE; Schema: public; Owner: postgres
--

CREATE TABLE public."AspNetUserRoles" (
    "UserId" text NOT NULL,
    "RoleId" text NOT NULL
);


ALTER TABLE public."AspNetUserRoles" OWNER TO postgres;

--
-- Name: AspNetUserTokens; Type: TABLE; Schema: public; Owner: postgres
--

CREATE TABLE public."AspNetUserTokens" (
    "UserId" text NOT NULL,
    "LoginProvider" text NOT NULL,
    "Name" text NOT NULL,
    "Value" text
);


ALTER TABLE public."AspNetUserTokens" OWNER TO postgres;

--
-- Name: AspNetUsers; Type: TABLE; Schema: public; Owner: postgres
--

CREATE TABLE public."AspNetUsers" (
    "Id" text NOT NULL,
    "Group" text NOT NULL,
    "UserName" character varying(256),
    "NormalizedUserName" character varying(256),
    "Email" character varying(256),
    "NormalizedEmail" character varying(256),
    "EmailConfirmed" boolean NOT NULL,
    "PasswordHash" text,
    "SecurityStamp" text,
    "ConcurrencyStamp" text,
    "PhoneNumber" text,
    "PhoneNumberConfirmed" boolean NOT NULL,
    "TwoFactorEnabled" boolean NOT NULL,
    "LockoutEnd" timestamp with time zone,
    "LockoutEnabled" boolean NOT NULL,
    "AccessFailedCount" integer NOT NULL,
    "DirectionOfStudy" text DEFAULT ''::text NOT NULL,
    "Gender" text DEFAULT ''::text NOT NULL,
    "INN" text DEFAULT ''::text NOT NULL,
    "Name" text DEFAULT ''::text NOT NULL,
    "Passport" text DEFAULT ''::text NOT NULL,
    "SNILS" text DEFAULT ''::text NOT NULL,
    "ServiceNumber" text DEFAULT ''::text NOT NULL
);


ALTER TABLE public."AspNetUsers" OWNER TO postgres;

--
-- Name: __EFMigrationsHistory; Type: TABLE; Schema: public; Owner: postgres
--

CREATE TABLE public."__EFMigrationsHistory" (
    "MigrationId" character varying(150) NOT NULL,
    "ProductVersion" character varying(32) NOT NULL
);


ALTER TABLE public."__EFMigrationsHistory" OWNER TO postgres;

--
-- Name: statement_schemas; Type: TABLE; Schema: public; Owner: postgres
--

CREATE TABLE public.statement_schemas (
    id integer NOT NULL,
    file_id integer NOT NULL,
    x numeric NOT NULL,
    y numeric NOT NULL,
    font_size integer DEFAULT 14,
    data_id character varying
);


ALTER TABLE public.statement_schemas OWNER TO postgres;

--
-- Name: statement_schemas_id_seq; Type: SEQUENCE; Schema: public; Owner: postgres
--

ALTER TABLE public.statement_schemas ALTER COLUMN id ADD GENERATED ALWAYS AS IDENTITY (
    SEQUENCE NAME public.statement_schemas_id_seq
    START WITH 1
    INCREMENT BY 1
    NO MINVALUE
    NO MAXVALUE
    CACHE 1
);


--
-- Name: statements; Type: TABLE; Schema: public; Owner: postgres
--

CREATE TABLE public.statements (
    id integer NOT NULL,
    name character varying NOT NULL,
    path character varying
);


ALTER TABLE public.statements OWNER TO postgres;

--
-- Name: statements_id_seq; Type: SEQUENCE; Schema: public; Owner: postgres
--

ALTER TABLE public.statements ALTER COLUMN id ADD GENERATED ALWAYS AS IDENTITY (
    SEQUENCE NAME public.statements_id_seq
    START WITH 1
    INCREMENT BY 1
    NO MINVALUE
    NO MAXVALUE
    CACHE 1
);


--
-- Data for Name: AspNetRoleClaims; Type: TABLE DATA; Schema: public; Owner: postgres
--

COPY public."AspNetRoleClaims" ("Id", "RoleId", "ClaimType", "ClaimValue") FROM stdin;
\.


--
-- Data for Name: AspNetRoles; Type: TABLE DATA; Schema: public; Owner: postgres
--

COPY public."AspNetRoles" ("Id", "Name", "NormalizedName", "ConcurrencyStamp") FROM stdin;
ad376a8f-9eab-4bb9-9fca-30b01540f446	admin	ADMIN	\N
ad376a8f-9eab-4bb9-9fca-30b01540f447	student	STUDENT	\N
\.


--
-- Data for Name: AspNetUserClaims; Type: TABLE DATA; Schema: public; Owner: postgres
--

COPY public."AspNetUserClaims" ("Id", "UserId", "ClaimType", "ClaimValue") FROM stdin;
\.


--
-- Data for Name: AspNetUserLogins; Type: TABLE DATA; Schema: public; Owner: postgres
--

COPY public."AspNetUserLogins" ("LoginProvider", "ProviderKey", "ProviderDisplayName", "UserId") FROM stdin;
\.


--
-- Data for Name: AspNetUserRoles; Type: TABLE DATA; Schema: public; Owner: postgres
--

COPY public."AspNetUserRoles" ("UserId", "RoleId") FROM stdin;
a18be9c0-aa65-4af8-bd17-00bd9344e586	ad376a8f-9eab-4bb9-9fca-30b01540f446
a18be9c0-aa65-4af8-bd17-00bd9344e587	ad376a8f-9eab-4bb9-9fca-30b01540f447
a18be9c0-aa65-4af8-bd17-00bd9344e588	ad376a8f-9eab-4bb9-9fca-30b01540f447
e357f292-56ae-4879-a095-23da4c9a8b16	ad376a8f-9eab-4bb9-9fca-30b01540f447
\.


--
-- Data for Name: AspNetUserTokens; Type: TABLE DATA; Schema: public; Owner: postgres
--

COPY public."AspNetUserTokens" ("UserId", "LoginProvider", "Name", "Value") FROM stdin;
\.


--
-- Data for Name: AspNetUsers; Type: TABLE DATA; Schema: public; Owner: postgres
--

COPY public."AspNetUsers" ("Id", "Group", "UserName", "NormalizedUserName", "Email", "NormalizedEmail", "EmailConfirmed", "PasswordHash", "SecurityStamp", "ConcurrencyStamp", "PhoneNumber", "PhoneNumberConfirmed", "TwoFactorEnabled", "LockoutEnd", "LockoutEnabled", "AccessFailedCount", "DirectionOfStudy", "Gender", "INN", "Name", "Passport", "SNILS", "ServiceNumber") FROM stdin;
a18be9c0-aa65-4af8-bd17-00bd9344e586	УВП-411	admin	ADMIN	admin@example.com	ADMIN@EXAMPLE.COM	f	AQAAAAIAAYagAAAAEC9WWcS8hy05+SZqbEUjGplx/6saonKKn+OuRzzferx+tqG2agwPx5U5zdkS5RQNFQ==		3d337680-0626-4fe6-9e33-3b8164ddb41d	\N	f	f	\N	f	0	09.03.01	Мужской	7777065424	{"First":"Admin","Second":"Adminov","Middle":"Adminovich"}	{"Series":"4517","Number":"543254","UnitCode":"432-632","PlaceOfBrith":"\\u0413. \\u041C\\u043E\\u0441\\u043A\\u0432\\u0430","DateOfBrith":"2002-02-14","DateOfIssue":"2024-12-03","Citizenship":"\\u0420\\u043E\\u0441\\u0441\\u0438\\u0439\\u0441\\u043A\\u0430\\u044F \\u0424\\u0435\\u0434\\u0435\\u0440\\u0430\\u0446\\u0438\\u044F"}	375232753	12345678
a18be9c0-aa65-4af8-bd17-00bd9344e587	УВП-411	Dmitry	DMITRY	Dmitry@example.com	DMITRY@EXAMPLE.COM	f	AQAAAAIAAYagAAAAEEPUvDmGl6jEXN8GSjNF6b2cufJCrWSZwlWCwPE1KanKi5vIO+mvlxV1sV601DACjw==		d929a1f7-2a5f-4125-b414-1de091e39705	\N	f	f	\N	f	0	09.03.01	Мужской	7777065424	{"First":"\\u0414\\u043C\\u0438\\u0442\\u0440\\u0438\\u0439","Second":"\\u0411\\u043E\\u043B\\u0442\\u0430\\u0447\\u0435\\u0432","Middle":"\\u041C\\u0438\\u0445\\u0430\\u0439\\u043B\\u043E\\u0432\\u0438\\u0447"}	{"Series":"4517","Number":"543254","UnitCode":"432-632","PlaceOfBrith":"\\u0413. \\u041C\\u043E\\u0441\\u043A\\u0432\\u0430","DateOfBrith":"2002-02-14","DateOfIssue":"2024-12-03","Citizenship":"\\u0420\\u043E\\u0441\\u0441\\u0438\\u0439\\u0441\\u043A\\u0430\\u044F \\u0424\\u0435\\u0434\\u0435\\u0440\\u0430\\u0446\\u0438\\u044F"}	375232753	12345678
a18be9c0-aa65-4af8-bd17-00bd9344e588	УВП-411	Nastya	NASTYA	Nastya@example.com	NASTYA@EXAMPLE.COM	f	AQAAAAIAAYagAAAAEN6ZWj3UJq5imIj8Q7U1Ks/rIJ/AUWa9rYMo8rqbGYk7LQ8tBB6DYY3NPeYV+Ol4HA==		f9618521-d874-438f-bdcf-4840a9a61f4c	\N	f	f	\N	f	0	09.03.01	Женский	7777065424	{"First":"\\u0410\\u043D\\u0430\\u0441\\u0442\\u0430\\u0441\\u0438\\u044F","Second":"\\u041A\\u043E\\u043D\\u0441\\u0442\\u0430\\u043D\\u0442\\u0438\\u043D\\u043E\\u0432\\u0430","Middle":"\\u0412\\u0438\\u0442\\u0430\\u043B\\u044C\\u0435\\u0432\\u043D\\u0430"}	{"Series":"4517","Number":"543254","UnitCode":"432-632","PlaceOfBrith":"\\u0413. \\u041C\\u043E\\u0441\\u043A\\u0432\\u0430","DateOfBrith":"2002-02-14","DateOfIssue":"2024-12-03","Citizenship":"\\u0420\\u043E\\u0441\\u0441\\u0438\\u0439\\u0441\\u043A\\u0430\\u044F \\u0424\\u0435\\u0434\\u0435\\u0440\\u0430\\u0446\\u0438\\u044F"}	375232753	12345678
e357f292-56ae-4879-a095-23da4c9a8b16	string	string	STRING	user@example.com	USER@EXAMPLE.COM	f	AQAAAAIAAYagAAAAEFRmmFDXFO0zP0yoTMFGRqetN4//EthMaXzBBjot3vSSC1UHLTIWMTa+stKwh/Tisg==	OTVTJNMZC7J23USNPP5CTNJZS4WZQOLQ	5d836cc6-e749-4de6-9966-0dd96aecea50	string	f	f	\N	t	0	string	string	string	{"First":"string","Second":"string","Middle":"string"}	{"Series":"string","Number":"string","UnitCode":"string","PlaceOfBrith":"string","DateOfBrith":"2024-05-01","DateOfIssue":"2024-05-01","Citizenship":"string"}	string	string
\.


--
-- Data for Name: __EFMigrationsHistory; Type: TABLE DATA; Schema: public; Owner: postgres
--

COPY public."__EFMigrationsHistory" ("MigrationId", "ProductVersion") FROM stdin;
20240429172455_Initial	8.0.2
20240429214817_AddDefaultUser	8.0.2
20240429221359_AddDefaultUser2	8.0.2
20240429221922_AddDefaultUser3	8.0.2
20240430095855_AddedStudents	8.0.2
20240430125840_AddedMoreInfoAboutStudents	8.0.2
20240430131620_FixedNames	8.0.2
20240430222233_ChangedDateProps	8.0.2
20240430224528_ChangedDate	8.0.2
20240430224728_ChangedDate2	8.0.2
\.


--
-- Data for Name: statement_schemas; Type: TABLE DATA; Schema: public; Owner: postgres
--

COPY public.statement_schemas (id, file_id, x, y, font_size, data_id) FROM stdin;
\.


--
-- Data for Name: statements; Type: TABLE DATA; Schema: public; Owner: postgres
--

COPY public.statements (id, name, path) FROM stdin;
2	Организация.mp3	D:\\RUT\\Last\\Диплом\\MFC\\MFC.WebApi\\WebApi\\statements\\Организация.mp3
3	Организация.mp3	D:\\RUT\\Last\\Диплом\\MFC\\MFC.WebApi\\WebApi\\statements\\Организация.mp3
4	Организация.mp3	D:\\RUT\\Last\\Диплом\\MFC\\MFC.WebApi\\WebApi\\statements\\Организация.mp3
5	1 (1).jpg	D:\\RUT\\Last\\Диплом\\MFC\\MFC.WebApi\\WebApi\\statements\\1 (1).jpg
\.


--
-- Name: AspNetRoleClaims_Id_seq; Type: SEQUENCE SET; Schema: public; Owner: postgres
--

SELECT pg_catalog.setval('public."AspNetRoleClaims_Id_seq"', 1, false);


--
-- Name: AspNetUserClaims_Id_seq; Type: SEQUENCE SET; Schema: public; Owner: postgres
--

SELECT pg_catalog.setval('public."AspNetUserClaims_Id_seq"', 1, false);


--
-- Name: statement_schemas_id_seq; Type: SEQUENCE SET; Schema: public; Owner: postgres
--

SELECT pg_catalog.setval('public.statement_schemas_id_seq', 1, false);


--
-- Name: statements_id_seq; Type: SEQUENCE SET; Schema: public; Owner: postgres
--

SELECT pg_catalog.setval('public.statements_id_seq', 5, true);


--
-- Name: AspNetRoleClaims PK_AspNetRoleClaims; Type: CONSTRAINT; Schema: public; Owner: postgres
--

ALTER TABLE ONLY public."AspNetRoleClaims"
    ADD CONSTRAINT "PK_AspNetRoleClaims" PRIMARY KEY ("Id");


--
-- Name: AspNetRoles PK_AspNetRoles; Type: CONSTRAINT; Schema: public; Owner: postgres
--

ALTER TABLE ONLY public."AspNetRoles"
    ADD CONSTRAINT "PK_AspNetRoles" PRIMARY KEY ("Id");


--
-- Name: AspNetUserClaims PK_AspNetUserClaims; Type: CONSTRAINT; Schema: public; Owner: postgres
--

ALTER TABLE ONLY public."AspNetUserClaims"
    ADD CONSTRAINT "PK_AspNetUserClaims" PRIMARY KEY ("Id");


--
-- Name: AspNetUserLogins PK_AspNetUserLogins; Type: CONSTRAINT; Schema: public; Owner: postgres
--

ALTER TABLE ONLY public."AspNetUserLogins"
    ADD CONSTRAINT "PK_AspNetUserLogins" PRIMARY KEY ("LoginProvider", "ProviderKey");


--
-- Name: AspNetUserRoles PK_AspNetUserRoles; Type: CONSTRAINT; Schema: public; Owner: postgres
--

ALTER TABLE ONLY public."AspNetUserRoles"
    ADD CONSTRAINT "PK_AspNetUserRoles" PRIMARY KEY ("UserId", "RoleId");


--
-- Name: AspNetUserTokens PK_AspNetUserTokens; Type: CONSTRAINT; Schema: public; Owner: postgres
--

ALTER TABLE ONLY public."AspNetUserTokens"
    ADD CONSTRAINT "PK_AspNetUserTokens" PRIMARY KEY ("UserId", "LoginProvider", "Name");


--
-- Name: AspNetUsers PK_AspNetUsers; Type: CONSTRAINT; Schema: public; Owner: postgres
--

ALTER TABLE ONLY public."AspNetUsers"
    ADD CONSTRAINT "PK_AspNetUsers" PRIMARY KEY ("Id");


--
-- Name: __EFMigrationsHistory PK___EFMigrationsHistory; Type: CONSTRAINT; Schema: public; Owner: postgres
--

ALTER TABLE ONLY public."__EFMigrationsHistory"
    ADD CONSTRAINT "PK___EFMigrationsHistory" PRIMARY KEY ("MigrationId");


--
-- Name: statement_schemas statement_schemas_pkey; Type: CONSTRAINT; Schema: public; Owner: postgres
--

ALTER TABLE ONLY public.statement_schemas
    ADD CONSTRAINT statement_schemas_pkey PRIMARY KEY (id);


--
-- Name: statements statements_pkey; Type: CONSTRAINT; Schema: public; Owner: postgres
--

ALTER TABLE ONLY public.statements
    ADD CONSTRAINT statements_pkey PRIMARY KEY (id);


--
-- Name: EmailIndex; Type: INDEX; Schema: public; Owner: postgres
--

CREATE INDEX "EmailIndex" ON public."AspNetUsers" USING btree ("NormalizedEmail");


--
-- Name: IX_AspNetRoleClaims_RoleId; Type: INDEX; Schema: public; Owner: postgres
--

CREATE INDEX "IX_AspNetRoleClaims_RoleId" ON public."AspNetRoleClaims" USING btree ("RoleId");


--
-- Name: IX_AspNetUserClaims_UserId; Type: INDEX; Schema: public; Owner: postgres
--

CREATE INDEX "IX_AspNetUserClaims_UserId" ON public."AspNetUserClaims" USING btree ("UserId");


--
-- Name: IX_AspNetUserLogins_UserId; Type: INDEX; Schema: public; Owner: postgres
--

CREATE INDEX "IX_AspNetUserLogins_UserId" ON public."AspNetUserLogins" USING btree ("UserId");


--
-- Name: IX_AspNetUserRoles_RoleId; Type: INDEX; Schema: public; Owner: postgres
--

CREATE INDEX "IX_AspNetUserRoles_RoleId" ON public."AspNetUserRoles" USING btree ("RoleId");


--
-- Name: IX_statement_schemas_file_id; Type: INDEX; Schema: public; Owner: postgres
--

CREATE INDEX "IX_statement_schemas_file_id" ON public.statement_schemas USING btree (file_id);


--
-- Name: RoleNameIndex; Type: INDEX; Schema: public; Owner: postgres
--

CREATE UNIQUE INDEX "RoleNameIndex" ON public."AspNetRoles" USING btree ("NormalizedName");


--
-- Name: UserNameIndex; Type: INDEX; Schema: public; Owner: postgres
--

CREATE UNIQUE INDEX "UserNameIndex" ON public."AspNetUsers" USING btree ("NormalizedUserName");


--
-- Name: AspNetRoleClaims FK_AspNetRoleClaims_AspNetRoles_RoleId; Type: FK CONSTRAINT; Schema: public; Owner: postgres
--

ALTER TABLE ONLY public."AspNetRoleClaims"
    ADD CONSTRAINT "FK_AspNetRoleClaims_AspNetRoles_RoleId" FOREIGN KEY ("RoleId") REFERENCES public."AspNetRoles"("Id") ON DELETE CASCADE;


--
-- Name: AspNetUserClaims FK_AspNetUserClaims_AspNetUsers_UserId; Type: FK CONSTRAINT; Schema: public; Owner: postgres
--

ALTER TABLE ONLY public."AspNetUserClaims"
    ADD CONSTRAINT "FK_AspNetUserClaims_AspNetUsers_UserId" FOREIGN KEY ("UserId") REFERENCES public."AspNetUsers"("Id") ON DELETE CASCADE;


--
-- Name: AspNetUserLogins FK_AspNetUserLogins_AspNetUsers_UserId; Type: FK CONSTRAINT; Schema: public; Owner: postgres
--

ALTER TABLE ONLY public."AspNetUserLogins"
    ADD CONSTRAINT "FK_AspNetUserLogins_AspNetUsers_UserId" FOREIGN KEY ("UserId") REFERENCES public."AspNetUsers"("Id") ON DELETE CASCADE;


--
-- Name: AspNetUserRoles FK_AspNetUserRoles_AspNetRoles_RoleId; Type: FK CONSTRAINT; Schema: public; Owner: postgres
--

ALTER TABLE ONLY public."AspNetUserRoles"
    ADD CONSTRAINT "FK_AspNetUserRoles_AspNetRoles_RoleId" FOREIGN KEY ("RoleId") REFERENCES public."AspNetRoles"("Id") ON DELETE CASCADE;


--
-- Name: AspNetUserRoles FK_AspNetUserRoles_AspNetUsers_UserId; Type: FK CONSTRAINT; Schema: public; Owner: postgres
--

ALTER TABLE ONLY public."AspNetUserRoles"
    ADD CONSTRAINT "FK_AspNetUserRoles_AspNetUsers_UserId" FOREIGN KEY ("UserId") REFERENCES public."AspNetUsers"("Id") ON DELETE CASCADE;


--
-- Name: AspNetUserTokens FK_AspNetUserTokens_AspNetUsers_UserId; Type: FK CONSTRAINT; Schema: public; Owner: postgres
--

ALTER TABLE ONLY public."AspNetUserTokens"
    ADD CONSTRAINT "FK_AspNetUserTokens_AspNetUsers_UserId" FOREIGN KEY ("UserId") REFERENCES public."AspNetUsers"("Id") ON DELETE CASCADE;


--
-- Name: statement_schemas statement_schemas_file_id_fkey; Type: FK CONSTRAINT; Schema: public; Owner: postgres
--

ALTER TABLE ONLY public.statement_schemas
    ADD CONSTRAINT statement_schemas_file_id_fkey FOREIGN KEY (file_id) REFERENCES public.statements(id);


--
-- PostgreSQL database dump complete
--

