--
-- PostgreSQL database dump
--

-- Dumped from database version 16.2 (Debian 16.2-1.pgdg120+2)
-- Dumped by pg_dump version 16.2

SET statement_timeout = 0;
SET lock_timeout = 0;
SET idle_in_transaction_session_timeout = 0;
SET client_encoding = 'UTF8';
SET standard_conforming_strings = on;
SELECT pg_catalog.set_config('search_path', '', false);
SET check_function_bodies = false;
SET xmloption = content;
SET client_min_messages = warning;
SET row_security = off;

SET default_tablespace = '';

SET default_table_access_method = heap;

--
-- Name: AspNetRoleClaims; Type: TABLE; Schema: public; Owner: postgres
--

CREATE TABLE public."AspNetRoleClaims" (
    "Id" integer NOT NULL,
    "RoleId" text NOT NULL,
    "ClaimType" text,
    "ClaimValue" text
);


ALTER TABLE public."AspNetRoleClaims" OWNER TO postgres;

--
-- Name: AspNetRoleClaims_Id_seq; Type: SEQUENCE; Schema: public; Owner: postgres
--

ALTER TABLE public."AspNetRoleClaims" ALTER COLUMN "Id" ADD GENERATED BY DEFAULT AS IDENTITY (
    SEQUENCE NAME public."AspNetRoleClaims_Id_seq"
    START WITH 1
    INCREMENT BY 1
    NO MINVALUE
    NO MAXVALUE
    CACHE 1
);


--
-- Name: AspNetRoles; Type: TABLE; Schema: public; Owner: postgres
--

CREATE TABLE public."AspNetRoles" (
    "Id" text NOT NULL,
    "Name" character varying(256),
    "NormalizedName" character varying(256),
    "ConcurrencyStamp" text
);


ALTER TABLE public."AspNetRoles" OWNER TO postgres;

--
-- Name: AspNetUserClaims; Type: TABLE; Schema: public; Owner: postgres
--

CREATE TABLE public."AspNetUserClaims" (
    "Id" integer NOT NULL,
    "UserId" text NOT NULL,
    "ClaimType" text,
    "ClaimValue" text
);


ALTER TABLE public."AspNetUserClaims" OWNER TO postgres;

--
-- Name: AspNetUserClaims_Id_seq; Type: SEQUENCE; Schema: public; Owner: postgres
--

ALTER TABLE public."AspNetUserClaims" ALTER COLUMN "Id" ADD GENERATED BY DEFAULT AS IDENTITY (
    SEQUENCE NAME public."AspNetUserClaims_Id_seq"
    START WITH 1
    INCREMENT BY 1
    NO MINVALUE
    NO MAXVALUE
    CACHE 1
);


--
-- Name: AspNetUserLogins; Type: TABLE; Schema: public; Owner: postgres
--

CREATE TABLE public."AspNetUserLogins" (
    "LoginProvider" text NOT NULL,
    "ProviderKey" text NOT NULL,
    "ProviderDisplayName" text,
    "UserId" text NOT NULL
);


ALTER TABLE public."AspNetUserLogins" OWNER TO postgres;

--
-- Name: AspNetUserRoles; Type: TABLE; Schema: public; Owner: postgres
--

CREATE TABLE public."AspNetUserRoles" (
    "UserId" text NOT NULL,
    "RoleId" text NOT NULL
);


ALTER TABLE public."AspNetUserRoles" OWNER TO postgres;

--
-- Name: AspNetUserTokens; Type: TABLE; Schema: public; Owner: postgres
--

CREATE TABLE public."AspNetUserTokens" (
    "UserId" text NOT NULL,
    "LoginProvider" text NOT NULL,
    "Name" text NOT NULL,
    "Value" text
);


ALTER TABLE public."AspNetUserTokens" OWNER TO postgres;

--
-- Name: AspNetUsers; Type: TABLE; Schema: public; Owner: postgres
--

CREATE TABLE public."AspNetUsers" (
    "Id" text NOT NULL,
    "Name" text DEFAULT ''::text NOT NULL,
    "Passport" text DEFAULT ''::text NOT NULL,
    "Gender" text DEFAULT ''::text NOT NULL,
    "INN" text DEFAULT ''::text NOT NULL,
    "SNILS" text DEFAULT ''::text NOT NULL,
    "Discriminator" character varying(13) NOT NULL,
    "Post" text,
    "Institute" text,
    "UserName" character varying(256),
    "NormalizedUserName" character varying(256),
    "Email" character varying(256),
    "NormalizedEmail" character varying(256),
    "EmailConfirmed" boolean NOT NULL,
    "PasswordHash" text,
    "SecurityStamp" text,
    "ConcurrencyStamp" text,
    "PhoneNumber" text,
    "PhoneNumberConfirmed" boolean NOT NULL,
    "TwoFactorEnabled" boolean NOT NULL,
    "LockoutEnd" timestamp with time zone,
    "LockoutEnabled" boolean NOT NULL,
    "AccessFailedCount" integer NOT NULL,
    "DateOfEnrollment" date,
    "DirectionOfStudy" text,
    "FormOfStudy" integer,
    "GapYearsCount" integer,
    "Group" text,
    "ServiceNumber" text
);


ALTER TABLE public."AspNetUsers" OWNER TO postgres;

--
-- Name: Services; Type: TABLE; Schema: public; Owner: postgres
--

CREATE TABLE public."Services" (
    "Id" integer NOT NULL,
    "Name" text NOT NULL,
    "Description" text NOT NULL,
    "Type" integer NOT NULL,
    "OnPublic" boolean DEFAULT false NOT NULL,
    "NormalizedName" text DEFAULT ''::text NOT NULL
);


ALTER TABLE public."Services" OWNER TO postgres;

--
-- Name: Services_Id_seq; Type: SEQUENCE; Schema: public; Owner: postgres
--

ALTER TABLE public."Services" ALTER COLUMN "Id" ADD GENERATED BY DEFAULT AS IDENTITY (
    SEQUENCE NAME public."Services_Id_seq"
    START WITH 1
    INCREMENT BY 1
    NO MINVALUE
    NO MAXVALUE
    CACHE 1
);


--
-- Name: Tasks; Type: TABLE; Schema: public; Owner: postgres
--

CREATE TABLE public."Tasks" (
    "Id" bigint NOT NULL,
    "UserId" text NOT NULL,
    "Service" text NOT NULL,
    "State" integer NOT NULL,
    "UserFullName" text DEFAULT ''::text NOT NULL,
    "Time" text DEFAULT ''::text NOT NULL,
    "UserEmail" text
);


ALTER TABLE public."Tasks" OWNER TO postgres;

--
-- Name: Tasks_Id_seq; Type: SEQUENCE; Schema: public; Owner: postgres
--

ALTER TABLE public."Tasks" ALTER COLUMN "Id" ADD GENERATED BY DEFAULT AS IDENTITY (
    SEQUENCE NAME public."Tasks_Id_seq"
    START WITH 1
    INCREMENT BY 1
    NO MINVALUE
    NO MAXVALUE
    CACHE 1
);


--
-- Name: __EFMigrationsHistory; Type: TABLE; Schema: public; Owner: postgres
--

CREATE TABLE public."__EFMigrationsHistory" (
    "MigrationId" character varying(150) NOT NULL,
    "ProductVersion" character varying(32) NOT NULL
);


ALTER TABLE public."__EFMigrationsHistory" OWNER TO postgres;

--
-- Data for Name: AspNetRoleClaims; Type: TABLE DATA; Schema: public; Owner: postgres
--

COPY public."AspNetRoleClaims" ("Id", "RoleId", "ClaimType", "ClaimValue") FROM stdin;
\.


--
-- Data for Name: AspNetRoles; Type: TABLE DATA; Schema: public; Owner: postgres
--

COPY public."AspNetRoles" ("Id", "Name", "NormalizedName", "ConcurrencyStamp") FROM stdin;
bd376a8f-9eab-4bb9-9fca-40b01540f446	admin	ADMIN	\N
bd376a8f-9eab-4bb9-9fca-40b01540f447	student	STUDENT	\N
bd376a8f-9eab-4bb9-9fca-40b01540f448	employee	EMPLOYEE	\N
\.


--
-- Data for Name: AspNetUserClaims; Type: TABLE DATA; Schema: public; Owner: postgres
--

COPY public."AspNetUserClaims" ("Id", "UserId", "ClaimType", "ClaimValue") FROM stdin;
\.


--
-- Data for Name: AspNetUserLogins; Type: TABLE DATA; Schema: public; Owner: postgres
--

COPY public."AspNetUserLogins" ("LoginProvider", "ProviderKey", "ProviderDisplayName", "UserId") FROM stdin;
\.


--
-- Data for Name: AspNetUserRoles; Type: TABLE DATA; Schema: public; Owner: postgres
--

COPY public."AspNetUserRoles" ("UserId", "RoleId") FROM stdin;
d28be9c0-aa65-4af8-bd17-10bd9344e586	bd376a8f-9eab-4bb9-9fca-40b01540f446
d28be9c0-aa65-4af8-bd17-10bd9344e588	bd376a8f-9eab-4bb9-9fca-40b01540f448
738be9c0-aa65-4af8-1d17-10bd9344e588	bd376a8f-9eab-4bb9-9fca-40b01540f447
738be9c0-aa65-4af8-bd17-10bd9344e587	bd376a8f-9eab-4bb9-9fca-40b01540f447
2b37d296-941d-4b5b-b775-38b61da545bc	bd376a8f-9eab-4bb9-9fca-40b01540f447
83bdeba2-e5e8-45f9-907d-6d41dbcfe32a	bd376a8f-9eab-4bb9-9fca-40b01540f447
22290568-c114-46b5-8827-f2eeae454e5e	bd376a8f-9eab-4bb9-9fca-40b01540f447
2d36522d-e16e-44fa-bd4d-11f6c368b4be	bd376a8f-9eab-4bb9-9fca-40b01540f447
ee141bdc-5036-4b4c-8ee5-b5af830ed052	bd376a8f-9eab-4bb9-9fca-40b01540f447
603ee6ea-5469-469c-bcaa-158259da5b80	bd376a8f-9eab-4bb9-9fca-40b01540f447
3d65c4fe-337d-489d-b1d3-5013ce43f573	bd376a8f-9eab-4bb9-9fca-40b01540f447
ebd80f07-ffd5-4623-80b1-7849f35259e0	bd376a8f-9eab-4bb9-9fca-40b01540f447
a81737ee-46f1-485e-a6ef-5eb949211151	bd376a8f-9eab-4bb9-9fca-40b01540f447
434d9ead-34a7-443d-9921-1aec0767fdf1	bd376a8f-9eab-4bb9-9fca-40b01540f447
474cc21a-d652-4be9-80b3-3d2212c5ec2b	bd376a8f-9eab-4bb9-9fca-40b01540f448
4d2ff62c-9abe-4181-9454-ba647370c9ba	bd376a8f-9eab-4bb9-9fca-40b01540f448
9fda46db-1677-465e-8495-3d6a283d0ca0	bd376a8f-9eab-4bb9-9fca-40b01540f448
20ecaf17-a0d3-4afd-b64b-b026dd6ebeda	bd376a8f-9eab-4bb9-9fca-40b01540f448
3ccd7a66-c1c5-4e86-8516-91e766c662bd	bd376a8f-9eab-4bb9-9fca-40b01540f448
\.


--
-- Data for Name: AspNetUserTokens; Type: TABLE DATA; Schema: public; Owner: postgres
--

COPY public."AspNetUserTokens" ("UserId", "LoginProvider", "Name", "Value") FROM stdin;
\.


--
-- Data for Name: AspNetUsers; Type: TABLE DATA; Schema: public; Owner: postgres
--

COPY public."AspNetUsers" ("Id", "Name", "Passport", "Gender", "INN", "SNILS", "Discriminator", "Post", "Institute", "UserName", "NormalizedUserName", "Email", "NormalizedEmail", "EmailConfirmed", "PasswordHash", "SecurityStamp", "ConcurrencyStamp", "PhoneNumber", "PhoneNumberConfirmed", "TwoFactorEnabled", "LockoutEnd", "LockoutEnabled", "AccessFailedCount", "DateOfEnrollment", "DirectionOfStudy", "FormOfStudy", "GapYearsCount", "Group", "ServiceNumber") FROM stdin;
d28be9c0-aa65-4af8-bd17-10bd9344e586	{"First":"Admin","Second":"Adminov","Middle":"Adminovich"}	{"Series":"4517","Number":"543254","UnitCode":"432-632","PlaceOfBrith":"\\u0413. \\u041C\\u043E\\u0441\\u043A\\u0432\\u0430","DateOfBrith":"2002-02-14","DateOfIssue":"2024-12-03","Citizenship":"\\u0420\\u043E\\u0441\\u0441\\u0438\\u0439\\u0441\\u043A\\u0430\\u044F \\u0424\\u0435\\u0434\\u0435\\u0440\\u0430\\u0446\\u0438\\u044F"}	Мужской	7777065424	375232753	AppUser	\N	\N	admin	ADMIN	admin@example.com	ADMIN@EXAMPLE.COM	f	AQAAAAIAAYagAAAAECgD8VKIShoEfGiXc6PpAkwylDSR/gYHmxK9hE0+3Fp7uG6yzawbi6ztvzKGMIn93Q==		5aa47f9c-dd24-494e-b447-40b0f4eab90b	\N	f	f	\N	f	0	\N	\N	\N	\N	\N	\N
d28be9c0-aa65-4af8-bd17-10bd9344e588	{"First":"\\u0420\\u0430\\u0431\\u043E\\u0442\\u043D\\u0438\\u043A","Second":"\\u041C\\u0418\\u0418\\u0422\\u041E\\u0412","Middle":"\\u0418\\u043D\\u0441\\u0442\\u0438\\u0442\\u0443\\u0442\\u043E\\u0432\\u0438\\u0447"}	{"Series":"4517","Number":"543254","UnitCode":"432-632","PlaceOfBrith":"\\u0413. \\u041C\\u043E\\u0441\\u043A\\u0432\\u0430","DateOfBrith":"2002-02-14","DateOfIssue":"2024-12-03","Citizenship":"\\u0420\\u043E\\u0441\\u0441\\u0438\\u0439\\u0441\\u043A\\u0430\\u044F \\u0424\\u0435\\u0434\\u0435\\u0440\\u0430\\u0446\\u0438\\u044F"}	Мужской	7777065424	375232753	EmployeeUser	Доцент		employee	EMPLOYEE	employee@example.com	EMPLOYEE@EXAMPLE.COM	f	AQAAAAIAAYagAAAAEDmWlSVwLFbWHEyvfUYF7Ji2kXRhs4nekNwP1rzCRTEQx12dfHl5qv8I+Qa+102QrQ==		256c556a-f7fe-499f-9eac-d2b69d979643	\N	f	f	\N	f	0	\N	\N	\N	\N	\N	\N
2b37d296-941d-4b5b-b775-38b61da545bc	{"First":"\\u041E\\u043B\\u044C\\u0433\\u0430","Second":"\\u0418\\u0432\\u0430\\u043D\\u043E\\u0432\\u0430","Middle":"\\u041F\\u0435\\u0442\\u0440\\u043E\\u0432\\u043D\\u0430"}	{"Series":"6123","Number":"987654","UnitCode":"123-456","PlaceOfBrith":"\\u0413. \\u0421\\u0430\\u043D\\u043A\\u0442-\\u041F\\u0435\\u0442\\u0435\\u0440\\u0431\\u0443\\u0440\\u0433","DateOfBrith":"2000-10-25","DateOfIssue":"2023-11-07","Citizenship":"\\u0420\\u043E\\u0441\\u0441\\u0438\\u0439\\u0441\\u043A\\u0430\\u044F \\u0424\\u0435\\u0434\\u0435\\u0440\\u0430\\u0446\\u0438\\u044F"}	Женский	7890123456	456789012	StudentUser	\N	\N	Olga	OLGA	Olga@example.com	OLGA@EXAMPLE.COM	f	AQAAAAIAAYagAAAAEKnM8P1lFSSaBbZ3BHbnGC4suOtgUF1QRt2GCZ4QPCMTTqsof3UAei6kp/m7Ar7KLw==	UAUPM66FPMGXSRNPZRW3HY4SHP6IBBUU	a5e6438b-ab02-4854-8e40-228fdd091c13	\N	f	f	\N	t	0	2021-09-15	09.03.01	0	1	УВП-412	98765432
83bdeba2-e5e8-45f9-907d-6d41dbcfe32a	{"First":"\\u041C\\u0430\\u0440\\u0438\\u044F","Second":"\\u0421\\u043C\\u0438\\u0440\\u043D\\u043E\\u0432\\u0430","Middle":"\\u0410\\u043B\\u0435\\u043A\\u0441\\u0430\\u043D\\u0434\\u0440\\u043E\\u0432\\u043D\\u0430"}	{"Series":"7890","Number":"123456","UnitCode":"654-321","PlaceOfBrith":"\\u0413. \\u0415\\u043A\\u0430\\u0442\\u0435\\u0440\\u0438\\u043D\\u0431\\u0443\\u0440\\u0433","DateOfBrith":"2001-05-10","DateOfIssue":"2023-10-15","Citizenship":"\\u0420\\u043E\\u0441\\u0441\\u0438\\u0439\\u0441\\u043A\\u0430\\u044F \\u0424\\u0435\\u0434\\u0435\\u0440\\u0430\\u0446\\u0438\\u044F"}	Женский	8901234567	567890123	StudentUser	\N	\N	Maria	MARIA	Maria@example.com	MARIA@EXAMPLE.COM	f	AQAAAAIAAYagAAAAEEzodL+gUJxnB6MWfC2bSW+xiMSiRipacrrdMbdIikD303uODVi4ePzQ4nx+kvbl4Q==	WMIJTSMWXIPRPYG5GYSP4IGFPEXHWWKR	cb875d56-08af-4b02-bb22-ce044715a8a0	\N	f	f	\N	t	0	2020-09-20	09.04.01	1	0	УИП-301	24681357
22290568-c114-46b5-8827-f2eeae454e5e	{"First":"\\u0410\\u043B\\u0435\\u043A\\u0441\\u0435\\u0439","Second":"Kuznetsov","Middle":"\\u0421\\u0435\\u0440\\u0433\\u0435\\u0435\\u0432\\u0438\\u0447"}	{"Series":"7654","Number":"321098","UnitCode":"987-654","PlaceOfBrith":"\\u0413. \\u041A\\u0440\\u0430\\u0441\\u043D\\u043E\\u044F\\u0440\\u0441\\u043A","DateOfBrith":"2001-01-20","DateOfIssue":"2023-11-10","Citizenship":"\\u0420\\u043E\\u0441\\u0441\\u0438\\u0439\\u0441\\u043A\\u0430\\u044F \\u0424\\u0435\\u0434\\u0435\\u0440\\u0430\\u0446\\u0438\\u044F"}	Мужской	9456789012	012345678	StudentUser	\N	\N	Alexey	ALEXEY	Alexey@example.com	ALEXEY@EXAMPLE.COM	f	AQAAAAIAAYagAAAAEGV9II3a4LpPrvDzf/AWq0d9CO+7m9bS4jjkJXbCyBPjw+c6254/K6zU2JTA6I5UkQ==	NBE7EMO26WGJ2KIADM5GY722JTULV2LG	ec6608ef-a270-4d02-9d1b-ea39ef8b739e	\N	f	f	\N	t	0	2020-09-25	09.04.02	1	0	УИП-302	79461382
2d36522d-e16e-44fa-bd4d-11f6c368b4be	{"First":"\\u0415\\u043A\\u0430\\u0442\\u0435\\u0440\\u0438\\u043D\\u0430","Second":"Sokolova","Middle":"\\u0418\\u0433\\u043E\\u0440\\u0435\\u0432\\u043D\\u0430"}	{"Series":"6543","Number":"432109","UnitCode":"987-654","PlaceOfBrith":"\\u0413. \\u0423\\u0444\\u0430","DateOfBrith":"1999-07-20","DateOfIssue":"2022-09-15","Citizenship":"\\u0420\\u043E\\u0441\\u0441\\u0438\\u0439\\u0441\\u043A\\u0430\\u044F \\u0424\\u0435\\u0434\\u0435\\u0440\\u0430\\u0446\\u0438\\u044F"}	Женский	9567890123	123456789	StudentUser	\N	\N	Ekaterina	EKATERINA	Ekaterina@example.com	EKATERINA@EXAMPLE.COM	f	AQAAAAIAAYagAAAAEPP0TMUSdc8cZ8XKafE8YfEdk2cLaWNPvG2hJXaoaKhUoOJZ6VZuen7tVgppBgDjVQ==	G7CPB3IY3DTMOKRGMEXQNLXVZ2ZKBGLC	8808c9ea-3878-41f0-83f7-fc00eba4ae7f	\N	f	f	\N	t	0	2021-10-10	38.03.02	0	2	УМП-202	92581673
ee141bdc-5036-4b4c-8ee5-b5af830ed052	{"First":"\\u0418\\u0432\\u0430\\u043D","Second":"Petrov","Middle":"\\u0410\\u043B\\u0435\\u043A\\u0441\\u0430\\u043D\\u0434\\u0440\\u043E\\u0432\\u0438\\u0447"}	{"Series":"4321","Number":"210987","UnitCode":"654-321","PlaceOfBrith":"\\u0413. \\u041A\\u0443\\u0440\\u0441\\u043A","DateOfBrith":"1999-03-15","DateOfIssue":"2022-12-20","Citizenship":"\\u0420\\u043E\\u0441\\u0441\\u0438\\u0439\\u0441\\u043A\\u0430\\u044F \\u0424\\u0435\\u0434\\u0435\\u0440\\u0430\\u0446\\u0438\\u044F"}	Мужской	9678901234	234567890	StudentUser	\N	\N	Ivan	IVAN	Ivan@example.com	IVAN@EXAMPLE.COM	f	AQAAAAIAAYagAAAAEOrNdzv/Ga6O9yVg5tctWardXx6Kfu3Rv2hCiSeMy7qtCVNy3z61+Br0BTrNv5KiEg==	ZSKFOJQR73GYIEMOFUW2A4TSA4YAUKUD	78ea1e6f-55c6-48b8-bd0d-ec4173ab4668	\N	f	f	\N	t	0	2021-10-10	38.03.02	0	2	УМП-202	68724139
603ee6ea-5469-469c-bcaa-158259da5b80	{"First":"\\u041D\\u0430\\u0442\\u0430\\u043B\\u044C\\u044F","Second":"Kozlova","Middle":"\\u0410\\u043B\\u0435\\u043A\\u0441\\u0435\\u0435\\u0432\\u043D\\u0430"}	{"Series":"9876","Number":"654321","UnitCode":"321-654","PlaceOfBrith":"\\u0413. \\u041E\\u043C\\u0441\\u043A","DateOfBrith":"2001-08-30","DateOfIssue":"2023-08-25","Citizenship":"\\u0420\\u043E\\u0441\\u0441\\u0438\\u0439\\u0441\\u043A\\u0430\\u044F \\u0424\\u0435\\u0434\\u0435\\u0440\\u0430\\u0446\\u0438\\u044F"}	Женский	9789012345	345678901	StudentUser	\N	\N	Natalia	NATALIA	Natalia@example.com	NATALIA@EXAMPLE.COM	f	AQAAAAIAAYagAAAAEG1PszS3eeQN0UpBeRKAujE0AGqay9fvWvgA7AKv3LXYbfWdlONLxPg7u//sFNV/OA==	CS5ULWEAKPOUTDALDQ2JDK4OQBXVK2YC	ef8367c0-0b8d-4661-bb45-cf70e8a9b781	\N	f	f	\N	t	0	2020-09-30	09.04.03	1	0	УИП-303	36587419
738be9c0-aa65-4af8-1d17-10bd9344e588	{"First":"\\u0410\\u043D\\u0430\\u0441\\u0442\\u0430\\u0441\\u0438\\u044F","Second":"\\u041A\\u043E\\u043D\\u0441\\u0442\\u0430\\u043D\\u0442\\u0438\\u043D\\u043E\\u0432\\u0430","Middle":"\\u0412\\u0438\\u0442\\u0430\\u043B\\u044C\\u0435\\u0432\\u043D\\u0430"}	{"Series":"4517","Number":"543254","UnitCode":"432-632","PlaceOfBrith":"\\u0413. \\u041C\\u043E\\u0441\\u043A\\u0432\\u0430","DateOfBrith":"2002-02-14","DateOfIssue":"2024-12-03","Citizenship":"\\u0420\\u043E\\u0441\\u0441\\u0438\\u0439\\u0441\\u043A\\u0430\\u044F \\u0424\\u0435\\u0434\\u0435\\u0440\\u0430\\u0446\\u0438\\u044F"}	Мужской	7777065424	375232753	StudentUser	\N	\N	Nastya	NASTYA	Nastya@example.com	NASTYA@EXAMPLE.COM	f	AQAAAAIAAYagAAAAED3lDpBfCWnwlhzHwwhBWzScaII20psi18PThpaEFdIRxNnGw/wOCwDk5U4MorZFWQ==	314356dd-c29f-4e85-8742-61501be1df90	15616fd5-b430-44b7-a076-d272b0d68d5a	\N	f	f	\N	f	0	2020-08-12	09.03.01	0	0	УВП-411	87654321
3d65c4fe-337d-489d-b1d3-5013ce43f573	{"First":"\\u0421\\u0435\\u0440\\u0433\\u0435\\u0439","Second":"\\u041F\\u0435\\u0442\\u0440\\u043E\\u0432","Middle":"\\u0418\\u0432\\u0430\\u043D\\u043E\\u0432\\u0438\\u0447"}	{"Series":"5432","Number":"987654","UnitCode":"321-654","PlaceOfBrith":"\\u0413. \\u041A\\u0430\\u0437\\u0430\\u043D\\u044C","DateOfBrith":"2001-08-20","DateOfIssue":"2023-09-25","Citizenship":"\\u0420\\u043E\\u0441\\u0441\\u0438\\u0439\\u0441\\u043A\\u0430\\u044F \\u0424\\u0435\\u0434\\u0435\\u0440\\u0430\\u0446\\u0438\\u044F"}	Мужской	9012345678	678901234	StudentUser	\N	\N	Sergey	SERGEY	Sergey@example.com	SERGEY@EXAMPLE.COM	f	AQAAAAIAAYagAAAAENAkOrdJdf2T21m197BeTA4Y183xcfpu8C+q2bpvpIl4OTaBZp8BYDhlmRRT5cZJrw==	QFHQU4B2JLG7UX6AXVHGRCKYSWTV4Z6T	444ea36c-7b54-4932-a660-237b78d129f0	\N	f	f	\N	t	0	2020-09-20	09.04.01	1	0	УИП-301	13579246
ebd80f07-ffd5-4623-80b1-7849f35259e0	{"First":"\\u0410\\u043D\\u043D\\u0430","Second":"\\u041A\\u043E\\u0432\\u0430\\u043B\\u0435\\u0432\\u0430","Middle":"\\u0410\\u043B\\u0435\\u043A\\u0441\\u0435\\u0435\\u0432\\u043D\\u0430"}	{"Series":"9876","Number":"543210","UnitCode":"456-789","PlaceOfBrith":"\\u0413. \\u041D\\u043E\\u0432\\u043E\\u0441\\u0438\\u0431\\u0438\\u0440\\u0441\\u043A","DateOfBrith":"2000-12-15","DateOfIssue":"2023-08-30","Citizenship":"\\u0420\\u043E\\u0441\\u0441\\u0438\\u0439\\u0441\\u043A\\u0430\\u044F \\u0424\\u0435\\u0434\\u0435\\u0440\\u0430\\u0446\\u0438\\u044F"}	Женский	9123456789	789012345	StudentUser	\N	\N	Anna	ANNA	Anna@example.com	ANNA@EXAMPLE.COM	f	AQAAAAIAAYagAAAAEMrUd3ZvYp19WKzfrfjZ/P8vGjm0CXK81yRoynQc7GWWuPXOl5tNhwX30eKlmSm2mQ==	767GG22FPXC5C7VIA7HPME54OMBZXP44	e8e2efcf-7b79-47f6-ac4c-6e45aa2fc0c8	\N	f	f	\N	t	0	2021-10-05	38.03.01	0	1	УМП-201	74185296
a81737ee-46f1-485e-a6ef-5eb949211151	{"First":"\\u0413\\u043B\\u0435\\u0431","Second":"\\u041C\\u043E\\u0440\\u043E\\u0437\\u043E\\u0432","Middle":"\\u0414\\u043C\\u0438\\u0442\\u0440\\u0438\\u0435\\u0432\\u0438\\u0447"}	{"Series":"6543","Number":"210987","UnitCode":"789-456","PlaceOfBrith":"\\u0413. \\u0420\\u043E\\u0441\\u0442\\u043E\\u0432-\\u043D\\u0430-\\u0414\\u043E\\u043D\\u0443","DateOfBrith":"2000-07-30","DateOfIssue":"2023-07-20","Citizenship":"\\u0420\\u043E\\u0441\\u0441\\u0438\\u0439\\u0441\\u043A\\u0430\\u044F \\u0424\\u0435\\u0434\\u0435\\u0440\\u0430\\u0446\\u0438\\u044F"}	Мужской	9234567890	890123456	StudentUser	\N	\N	Gleb	GLEB	Gleb@example.com	GLEB@EXAMPLE.COM	f	AQAAAAIAAYagAAAAEGn18WwcPXk9IzfJ0C8g9wykUTF2ItKw03qcc3k7hIKrJUf7I2dEtXthG+i+Kkomlw==	64MOQ7S2SIPRAMLTZQUZDWN5M5B7JDNJ	b1a4e096-b456-4bcc-b00c-b406d9f528ce	\N	f	f	\N	t	0	2021-10-05	38.03.01	0	1	УМП-201	36985214
434d9ead-34a7-443d-9921-1aec0767fdf1	{"First":"\\u041C\\u0430\\u0440\\u0438\\u044F","Second":"\\u0418\\u0433\\u043D\\u0430\\u0442\\u043E\\u0432\\u0430","Middle":"\\u0412\\u043B\\u0430\\u0434\\u0438\\u043C\\u0438\\u0440\\u043E\\u0432\\u043D\\u0430"}	{"Series":"8765","Number":"543210","UnitCode":"654-321","PlaceOfBrith":"\\u0413. \\u0422\\u0432\\u0435\\u0440\\u044C","DateOfBrith":"2001-05-20","DateOfIssue":"2023-11-15","Citizenship":"\\u0420\\u043E\\u0441\\u0441\\u0438\\u0439\\u0441\\u043A\\u0430\\u044F \\u0424\\u0435\\u0434\\u0435\\u0440\\u0430\\u0446\\u0438\\u044F"}	Женский	9345678901	901234567	StudentUser	\N	\N	Masha	MASHA	Masha@example.com	MASHA@EXAMPLE.COM	f	AQAAAAIAAYagAAAAEP0CLvFiBqRDHw1F7eocuugsJV7Z3SON+aT2+XbeyNgbfJqRVwJLEa/2NKLokYr9VA==	A633CAUXUNRHQRNTBR3J4DFAGCYHJ7AT	5eb9d29b-191c-44f7-87f9-dfeea44a945e	\N	f	f	\N	t	0	2020-09-25	09.04.02	1	0	УИП-302	58246139
474cc21a-d652-4be9-80b3-3d2212c5ec2b	{"First":"\\u0418\\u0440\\u0438\\u043D\\u0430","Second":"\\u0418\\u0432\\u0430\\u043D\\u043E\\u0432\\u0430","Middle":"\\u041F\\u0435\\u0442\\u0440\\u043E\\u0432\\u043D\\u0430"}	{"Series":"1234","Number":"567890","UnitCode":"987-654","PlaceOfBrith":"\\u0413. \\u0421\\u0430\\u043D\\u043A\\u0442-\\u041F\\u0435\\u0442\\u0435\\u0440\\u0431\\u0443\\u0440\\u0433","DateOfBrith":"1985-06-20","DateOfIssue":"2010-08-25","Citizenship":"\\u0420\\u043E\\u0441\\u0441\\u0438\\u0439\\u0441\\u043A\\u0430\\u044F \\u0424\\u0435\\u0434\\u0435\\u0440\\u0430\\u0446\\u0438\\u044F"}	Женский	1234567890	0987654321	EmployeeUser	Профессор	ИПСС	professor	PROFESSOR	tprofessor@example.com	TPROFESSOR@EXAMPLE.COM	f	AQAAAAIAAYagAAAAEEJBJDBzgLuQnNdtU3iI7FqEgRliKq53ypx3T3gwcuDlmFg3uHdGK78wI5RCdvCf9Q==	QMOP2LIC4S6ZOCZHDUV3QWSMONVX4SAL	b7d3ac33-9bab-49cc-be7e-26ed00f26086	+7 (999) 999-9999	f	f	\N	t	0	\N	\N	\N	\N	\N	\N
4d2ff62c-9abe-4181-9454-ba647370c9ba	{"First":"\\u041F\\u0430\\u0432\\u0435\\u043B","Second":"\\u0421\\u0438\\u0434\\u043E\\u0440\\u043E\\u0432","Middle":"\\u0410\\u043B\\u0435\\u043A\\u0441\\u0430\\u043D\\u0434\\u0440\\u043E\\u0432\\u0438\\u0447"}	{"Series":"4321","Number":"987654","UnitCode":"765-321","PlaceOfBrith":"\\u0413. \\u0415\\u043A\\u0430\\u0442\\u0435\\u0440\\u0438\\u043D\\u0431\\u0443\\u0440\\u0433","DateOfBrith":"1990-10-15","DateOfIssue":"2015-05-17","Citizenship":"\\u0420\\u043E\\u0441\\u0441\\u0438\\u0439\\u0441\\u043A\\u0430\\u044F \\u0424\\u0435\\u0434\\u0435\\u0440\\u0430\\u0446\\u0438\\u044F"}	Мужской	0987654321	1234567890	EmployeeUser	Ассистент	ЮИ	assistant	ASSISTANT	assistant@example.com	ASSISTANT@EXAMPLE.COM	f	AQAAAAIAAYagAAAAEO/dGfkGbb3RbLne0otnM9HONZH/pJqrSDKsDY0N3DjEnMnx5ekacWZYCpqqOnhQEg==	AKTNK33RJH3O5YFZBSFQBMXSMV4C2GD5	7c4c1521-aade-4f6b-a720-08b7dc0977c0	+7 (987) 654-3210	f	f	\N	t	0	\N	\N	\N	\N	\N	\N
9fda46db-1677-465e-8495-3d6a283d0ca0	{"First":"\\u041C\\u0430\\u0440\\u0438\\u044F","Second":"\\u0421\\u043C\\u0438\\u0440\\u043D\\u043E\\u0432\\u0430","Middle":"\\u0410\\u043B\\u0435\\u043A\\u0441\\u0430\\u043D\\u0434\\u0440\\u043E\\u0432\\u043D\\u0430"}	{"Series":"6567","Number":"642889","UnitCode":"666-666","PlaceOfBrith":"\\u0413. \\u041D\\u043E\\u0432\\u043E\\u0441\\u0438\\u0431\\u0438\\u0440\\u0441\\u043A","DateOfBrith":"1975-03-06","DateOfIssue":"2000-11-10","Citizenship":"\\u0420\\u043E\\u0441\\u0441\\u0438\\u0439\\u0441\\u043A\\u0430\\u044F \\u0424\\u0435\\u0434\\u0435\\u0440\\u0430\\u0446\\u0438\\u044F"}	Женский	2468013579	6666666666	EmployeeUser	Старший преподаватель	ИУЦТ	highTeacher	HIGHTEACHER	highTeacher@example.com	HIGHTEACHER@EXAMPLE.COM	f	AQAAAAIAAYagAAAAEK8bBrwOuvaBBG6cOoAIT6nImKcBNT7TccxQ/MeZo1XBPJ11pW15Hno/1OeRDMSqcg==	IDAM7ZX4SSBVDTWD3PHDGVEPNQDSP3SF	d14fec1d-2a7a-4d0f-bf18-8bff83bfad2d	+7 (654) 321-0987	f	f	\N	t	0	\N	\N	\N	\N	\N	\N
20ecaf17-a0d3-4afd-b64b-b026dd6ebeda	{"First":"\\u0410\\u043B\\u0435\\u043A\\u0441\\u0430\\u043D\\u0434\\u0440","Second":"\\u041F\\u0435\\u0442\\u0440\\u043E\\u0432","Middle":"\\u0418\\u0432\\u0430\\u043D\\u043E\\u0432\\u0438\\u0447"}	{"Series":"1111","Number":"222222","UnitCode":"333-444","PlaceOfBrith":"\\u0413. \\u041C\\u043E\\u0441\\u043A\\u0432\\u0430","DateOfBrith":"1980-09-25","DateOfIssue":"2005-06-12","Citizenship":"\\u0420\\u043E\\u0441\\u0441\\u0438\\u0439\\u0441\\u043A\\u0430\\u044F \\u0424\\u0435\\u0434\\u0435\\u0440\\u0430\\u0446\\u0438\\u044F"}	Мужской	9876543210	1122334455	EmployeeUser	Доцент	ИУЦТ	professor2	PROFESSOR2	professor2@example.com	PROFESSOR2@EXAMPLE.COM	f	AQAAAAIAAYagAAAAEGx5UjajWUt3mmhSeJt4ZFjyg6qdlun3Iumwv5jNq3XhgpsVmC9Ox4ogJcO0aYpkwg==	ZOHFHHKH2JXEPD7EJUO57N2QZ7PURM2P	05dac098-00cb-4632-ada2-3eebdfee619b	+7 (111) 222-3333	f	f	\N	t	0	\N	\N	\N	\N	\N	\N
3ccd7a66-c1c5-4e86-8516-91e766c662bd	{"First":"\\u0414\\u043C\\u0438\\u0442\\u0440\\u0438\\u0439","Second":"\\u041A\\u043E\\u0437\\u043B\\u043E\\u0432","Middle":"\\u0421\\u0435\\u0440\\u0433\\u0435\\u0435\\u0432\\u0438\\u0447"}	{"Series":"7777","Number":"888888","UnitCode":"999-000","PlaceOfBrith":"\\u0413. \\u041A\\u0440\\u0430\\u0441\\u043D\\u043E\\u044F\\u0440\\u0441\\u043A","DateOfBrith":"1995-12-04","DateOfIssue":"2020-03-20","Citizenship":"\\u0420\\u043E\\u0441\\u0441\\u0438\\u0439\\u0441\\u043A\\u0430\\u044F \\u0424\\u0435\\u0434\\u0435\\u0440\\u0430\\u0446\\u0438\\u044F"}	Мужской	1357924680	0000000000	EmployeeUser	К.т.н	ИПСС	associate	ASSOCIATE	associate@example.com	ASSOCIATE@EXAMPLE.COM	f	AQAAAAIAAYagAAAAEMTLAeYrBL32quaDN90OjGf12PAjaaDnoNgJN4X7Q96TY2YgShQzo5S7hO8vTXy1jQ==	LY36TL6DODOPSKTZMPM22G37FZYC6JCY	9e19dadd-5049-4284-98b8-6263f0b20240	+7 (777) 888-9999	f	f	\N	t	0	\N	\N	\N	\N	\N	\N
738be9c0-aa65-4af8-bd17-10bd9344e587	{"First":"\\u0414\\u043C\\u0438\\u0442\\u0440\\u0438\\u0439","Second":"\\u0411\\u043E\\u043B\\u0442\\u0430\\u0447\\u0435\\u0432","Middle":"\\u041C\\u0438\\u0445\\u0430\\u0439\\u043B\\u043E\\u0432\\u0438\\u0447"}	{"Series":"4517","Number":"543254","UnitCode":"432-632","PlaceOfBrith":"\\u0413. \\u041C\\u043E\\u0441\\u043A\\u0432\\u0430","DateOfBrith":"2002-02-14","DateOfIssue":"2024-12-03","Citizenship":"\\u0420\\u043E\\u0441\\u0441\\u0438\\u0439\\u0441\\u043A\\u0430\\u044F \\u0424\\u0435\\u0434\\u0435\\u0440\\u0430\\u0446\\u0438\\u044F"}	Мужской	7777065424	375232753	StudentUser	\N	\N	Dmitry	DMITRY	dima-bolt@mail.ru	DIMA-BOLT@MAIL.RU	f	AQAAAAIAAYagAAAAEFeapgUT+U1A8CH7O94oICDtOAheoZJJhTNZe6zmBG18ZpwfQllkYDdk204HqGRt+A==	e5f463e2-e0d3-4c1b-ab4b-1fa6ed1d7f79	ac81fe86-ce12-4aa8-9617-f0efe74c1649	\N	f	f	\N	f	0	2020-08-12	09.03.01	0	0	УВП-411	12345678
\.


--
-- Data for Name: Services; Type: TABLE DATA; Schema: public; Owner: postgres
--

COPY public."Services" ("Id", "Name", "Description", "Type", "OnPublic", "NormalizedName") FROM stdin;
\.


--
-- Data for Name: Tasks; Type: TABLE DATA; Schema: public; Owner: postgres
--

COPY public."Tasks" ("Id", "UserId", "Service", "State", "UserFullName", "Time", "UserEmail") FROM stdin;
\.


--
-- Data for Name: __EFMigrationsHistory; Type: TABLE DATA; Schema: public; Owner: postgres
--

COPY public."__EFMigrationsHistory" ("MigrationId", "ProductVersion") FROM stdin;
20240508161826_withTask	8.0.2
20240508211605_studentPorps	8.0.2
20240508211656_studentProps	8.0.2
20240511101749_onPublic	8.0.2
20240514115800_newProperty	8.0.2
20240514121909_changeTime	8.0.2
20240514163009_normalized-service-name	8.0.2
20240515102309_type_in_task	8.0.2
20240515102644_type_in_task	8.0.2
20240515102927_new	8.0.2
20240515103131_new2	8.0.2
20240515103301_new2	8.0.2
20240527094421_revorked	8.0.2
\.


--
-- Name: AspNetRoleClaims_Id_seq; Type: SEQUENCE SET; Schema: public; Owner: postgres
--

SELECT pg_catalog.setval('public."AspNetRoleClaims_Id_seq"', 1, false);


--
-- Name: AspNetUserClaims_Id_seq; Type: SEQUENCE SET; Schema: public; Owner: postgres
--

SELECT pg_catalog.setval('public."AspNetUserClaims_Id_seq"', 1, false);


--
-- Name: Services_Id_seq; Type: SEQUENCE SET; Schema: public; Owner: postgres
--

SELECT pg_catalog.setval('public."Services_Id_seq"', 14, true);


--
-- Name: Tasks_Id_seq; Type: SEQUENCE SET; Schema: public; Owner: postgres
--

SELECT pg_catalog.setval('public."Tasks_Id_seq"', 32, true);


--
-- Name: AspNetRoleClaims PK_AspNetRoleClaims; Type: CONSTRAINT; Schema: public; Owner: postgres
--

ALTER TABLE ONLY public."AspNetRoleClaims"
    ADD CONSTRAINT "PK_AspNetRoleClaims" PRIMARY KEY ("Id");


--
-- Name: AspNetRoles PK_AspNetRoles; Type: CONSTRAINT; Schema: public; Owner: postgres
--

ALTER TABLE ONLY public."AspNetRoles"
    ADD CONSTRAINT "PK_AspNetRoles" PRIMARY KEY ("Id");


--
-- Name: AspNetUserClaims PK_AspNetUserClaims; Type: CONSTRAINT; Schema: public; Owner: postgres
--

ALTER TABLE ONLY public."AspNetUserClaims"
    ADD CONSTRAINT "PK_AspNetUserClaims" PRIMARY KEY ("Id");


--
-- Name: AspNetUserLogins PK_AspNetUserLogins; Type: CONSTRAINT; Schema: public; Owner: postgres
--

ALTER TABLE ONLY public."AspNetUserLogins"
    ADD CONSTRAINT "PK_AspNetUserLogins" PRIMARY KEY ("LoginProvider", "ProviderKey");


--
-- Name: AspNetUserRoles PK_AspNetUserRoles; Type: CONSTRAINT; Schema: public; Owner: postgres
--

ALTER TABLE ONLY public."AspNetUserRoles"
    ADD CONSTRAINT "PK_AspNetUserRoles" PRIMARY KEY ("UserId", "RoleId");


--
-- Name: AspNetUserTokens PK_AspNetUserTokens; Type: CONSTRAINT; Schema: public; Owner: postgres
--

ALTER TABLE ONLY public."AspNetUserTokens"
    ADD CONSTRAINT "PK_AspNetUserTokens" PRIMARY KEY ("UserId", "LoginProvider", "Name");


--
-- Name: AspNetUsers PK_AspNetUsers; Type: CONSTRAINT; Schema: public; Owner: postgres
--

ALTER TABLE ONLY public."AspNetUsers"
    ADD CONSTRAINT "PK_AspNetUsers" PRIMARY KEY ("Id");


--
-- Name: Services PK_Services; Type: CONSTRAINT; Schema: public; Owner: postgres
--

ALTER TABLE ONLY public."Services"
    ADD CONSTRAINT "PK_Services" PRIMARY KEY ("Id");


--
-- Name: Tasks PK_Tasks; Type: CONSTRAINT; Schema: public; Owner: postgres
--

ALTER TABLE ONLY public."Tasks"
    ADD CONSTRAINT "PK_Tasks" PRIMARY KEY ("Id");


--
-- Name: __EFMigrationsHistory PK___EFMigrationsHistory; Type: CONSTRAINT; Schema: public; Owner: postgres
--

ALTER TABLE ONLY public."__EFMigrationsHistory"
    ADD CONSTRAINT "PK___EFMigrationsHistory" PRIMARY KEY ("MigrationId");


--
-- Name: EmailIndex; Type: INDEX; Schema: public; Owner: postgres
--

CREATE INDEX "EmailIndex" ON public."AspNetUsers" USING btree ("NormalizedEmail");


--
-- Name: IX_AspNetRoleClaims_RoleId; Type: INDEX; Schema: public; Owner: postgres
--

CREATE INDEX "IX_AspNetRoleClaims_RoleId" ON public."AspNetRoleClaims" USING btree ("RoleId");


--
-- Name: IX_AspNetUserClaims_UserId; Type: INDEX; Schema: public; Owner: postgres
--

CREATE INDEX "IX_AspNetUserClaims_UserId" ON public."AspNetUserClaims" USING btree ("UserId");


--
-- Name: IX_AspNetUserLogins_UserId; Type: INDEX; Schema: public; Owner: postgres
--

CREATE INDEX "IX_AspNetUserLogins_UserId" ON public."AspNetUserLogins" USING btree ("UserId");


--
-- Name: IX_AspNetUserRoles_RoleId; Type: INDEX; Schema: public; Owner: postgres
--

CREATE INDEX "IX_AspNetUserRoles_RoleId" ON public."AspNetUserRoles" USING btree ("RoleId");


--
-- Name: RoleNameIndex; Type: INDEX; Schema: public; Owner: postgres
--

CREATE UNIQUE INDEX "RoleNameIndex" ON public."AspNetRoles" USING btree ("NormalizedName");


--
-- Name: UserNameIndex; Type: INDEX; Schema: public; Owner: postgres
--

CREATE UNIQUE INDEX "UserNameIndex" ON public."AspNetUsers" USING btree ("NormalizedUserName");


--
-- Name: AspNetRoleClaims FK_AspNetRoleClaims_AspNetRoles_RoleId; Type: FK CONSTRAINT; Schema: public; Owner: postgres
--

ALTER TABLE ONLY public."AspNetRoleClaims"
    ADD CONSTRAINT "FK_AspNetRoleClaims_AspNetRoles_RoleId" FOREIGN KEY ("RoleId") REFERENCES public."AspNetRoles"("Id") ON DELETE CASCADE;


--
-- Name: AspNetUserClaims FK_AspNetUserClaims_AspNetUsers_UserId; Type: FK CONSTRAINT; Schema: public; Owner: postgres
--

ALTER TABLE ONLY public."AspNetUserClaims"
    ADD CONSTRAINT "FK_AspNetUserClaims_AspNetUsers_UserId" FOREIGN KEY ("UserId") REFERENCES public."AspNetUsers"("Id") ON DELETE CASCADE;


--
-- Name: AspNetUserLogins FK_AspNetUserLogins_AspNetUsers_UserId; Type: FK CONSTRAINT; Schema: public; Owner: postgres
--

ALTER TABLE ONLY public."AspNetUserLogins"
    ADD CONSTRAINT "FK_AspNetUserLogins_AspNetUsers_UserId" FOREIGN KEY ("UserId") REFERENCES public."AspNetUsers"("Id") ON DELETE CASCADE;


--
-- Name: AspNetUserRoles FK_AspNetUserRoles_AspNetRoles_RoleId; Type: FK CONSTRAINT; Schema: public; Owner: postgres
--

ALTER TABLE ONLY public."AspNetUserRoles"
    ADD CONSTRAINT "FK_AspNetUserRoles_AspNetRoles_RoleId" FOREIGN KEY ("RoleId") REFERENCES public."AspNetRoles"("Id") ON DELETE CASCADE;


--
-- Name: AspNetUserRoles FK_AspNetUserRoles_AspNetUsers_UserId; Type: FK CONSTRAINT; Schema: public; Owner: postgres
--

ALTER TABLE ONLY public."AspNetUserRoles"
    ADD CONSTRAINT "FK_AspNetUserRoles_AspNetUsers_UserId" FOREIGN KEY ("UserId") REFERENCES public."AspNetUsers"("Id") ON DELETE CASCADE;


--
-- Name: AspNetUserTokens FK_AspNetUserTokens_AspNetUsers_UserId; Type: FK CONSTRAINT; Schema: public; Owner: postgres
--

ALTER TABLE ONLY public."AspNetUserTokens"
    ADD CONSTRAINT "FK_AspNetUserTokens_AspNetUsers_UserId" FOREIGN KEY ("UserId") REFERENCES public."AspNetUsers"("Id") ON DELETE CASCADE;


--
-- PostgreSQL database dump complete
--

