--
-- PostgreSQL database dump
--

-- Dumped from database version 16.2 (Debian 16.2-1.pgdg120+2)
-- Dumped by pg_dump version 16.2

SET statement_timeout = 0;
SET lock_timeout = 0;
SET idle_in_transaction_session_timeout = 0;
SET client_encoding = 'UTF8';
SET standard_conforming_strings = on;
SELECT pg_catalog.set_config('search_path', '', false);
SET check_function_bodies = false;
SET xmloption = content;
SET client_min_messages = warning;
SET row_security = off;

SET default_tablespace = '';

SET default_table_access_method = heap;

--
-- Name: AspNetRoleClaims; Type: TABLE; Schema: public; Owner: postgres
--

CREATE TABLE public."AspNetRoleClaims" (
    "Id" integer NOT NULL,
    "RoleId" text NOT NULL,
    "ClaimType" text,
    "ClaimValue" text
);


ALTER TABLE public."AspNetRoleClaims" OWNER TO postgres;

--
-- Name: AspNetRoleClaims_Id_seq; Type: SEQUENCE; Schema: public; Owner: postgres
--

ALTER TABLE public."AspNetRoleClaims" ALTER COLUMN "Id" ADD GENERATED BY DEFAULT AS IDENTITY (
    SEQUENCE NAME public."AspNetRoleClaims_Id_seq"
    START WITH 1
    INCREMENT BY 1
    NO MINVALUE
    NO MAXVALUE
    CACHE 1
);


--
-- Name: AspNetRoles; Type: TABLE; Schema: public; Owner: postgres
--

CREATE TABLE public."AspNetRoles" (
    "Id" text NOT NULL,
    "Name" character varying(256),
    "NormalizedName" character varying(256),
    "ConcurrencyStamp" text
);


ALTER TABLE public."AspNetRoles" OWNER TO postgres;

--
-- Name: AspNetUserClaims; Type: TABLE; Schema: public; Owner: postgres
--

CREATE TABLE public."AspNetUserClaims" (
    "Id" integer NOT NULL,
    "UserId" text NOT NULL,
    "ClaimType" text,
    "ClaimValue" text
);


ALTER TABLE public."AspNetUserClaims" OWNER TO postgres;

--
-- Name: AspNetUserClaims_Id_seq; Type: SEQUENCE; Schema: public; Owner: postgres
--

ALTER TABLE public."AspNetUserClaims" ALTER COLUMN "Id" ADD GENERATED BY DEFAULT AS IDENTITY (
    SEQUENCE NAME public."AspNetUserClaims_Id_seq"
    START WITH 1
    INCREMENT BY 1
    NO MINVALUE
    NO MAXVALUE
    CACHE 1
);


--
-- Name: AspNetUserLogins; Type: TABLE; Schema: public; Owner: postgres
--

CREATE TABLE public."AspNetUserLogins" (
    "LoginProvider" text NOT NULL,
    "ProviderKey" text NOT NULL,
    "ProviderDisplayName" text,
    "UserId" text NOT NULL
);


ALTER TABLE public."AspNetUserLogins" OWNER TO postgres;

--
-- Name: AspNetUserRoles; Type: TABLE; Schema: public; Owner: postgres
--

CREATE TABLE public."AspNetUserRoles" (
    "UserId" text NOT NULL,
    "RoleId" text NOT NULL
);


ALTER TABLE public."AspNetUserRoles" OWNER TO postgres;

--
-- Name: AspNetUserTokens; Type: TABLE; Schema: public; Owner: postgres
--

CREATE TABLE public."AspNetUserTokens" (
    "UserId" text NOT NULL,
    "LoginProvider" text NOT NULL,
    "Name" text NOT NULL,
    "Value" text
);


ALTER TABLE public."AspNetUserTokens" OWNER TO postgres;

--
-- Name: AspNetUsers; Type: TABLE; Schema: public; Owner: postgres
--

CREATE TABLE public."AspNetUsers" (
    "Id" text NOT NULL,
    "Name" text NOT NULL,
    "Passport" text NOT NULL,
    "Gender" text NOT NULL,
    "INN" text NOT NULL,
    "SNILS" text NOT NULL,
    "Discriminator" character varying(13) NOT NULL,
    "Post" text,
    "Institute" text,
    "ServiceNumber" text,
    "Group" text,
    "DirectionOfStudy" text,
    "UserName" character varying(256),
    "NormalizedUserName" character varying(256),
    "Email" character varying(256),
    "NormalizedEmail" character varying(256),
    "EmailConfirmed" boolean NOT NULL,
    "PasswordHash" text,
    "SecurityStamp" text,
    "ConcurrencyStamp" text,
    "PhoneNumber" text,
    "PhoneNumberConfirmed" boolean NOT NULL,
    "TwoFactorEnabled" boolean NOT NULL,
    "LockoutEnd" timestamp with time zone,
    "LockoutEnabled" boolean NOT NULL,
    "AccessFailedCount" integer NOT NULL,
    "DateOfEnrollment" date,
    "GapYearsCount" integer,
    "FormOfStudy" integer
);


ALTER TABLE public."AspNetUsers" OWNER TO postgres;

--
-- Name: Services; Type: TABLE; Schema: public; Owner: postgres
--

CREATE TABLE public."Services" (
    "Id" integer NOT NULL,
    "Name" text NOT NULL,
    "Description" text NOT NULL,
    "Type" integer NOT NULL,
    "OnPublic" boolean DEFAULT false NOT NULL
);


ALTER TABLE public."Services" OWNER TO postgres;

--
-- Name: Services_Id_seq; Type: SEQUENCE; Schema: public; Owner: postgres
--

ALTER TABLE public."Services" ALTER COLUMN "Id" ADD GENERATED BY DEFAULT AS IDENTITY (
    SEQUENCE NAME public."Services_Id_seq"
    START WITH 1
    INCREMENT BY 1
    NO MINVALUE
    NO MAXVALUE
    CACHE 1
);


--
-- Name: Tasks; Type: TABLE; Schema: public; Owner: postgres
--

CREATE TABLE public."Tasks" (
    "Id" bigint NOT NULL,
    "UserId" text NOT NULL,
    "ServiceName" text NOT NULL,
    "State" integer NOT NULL
);


ALTER TABLE public."Tasks" OWNER TO postgres;

--
-- Name: Tasks_Id_seq; Type: SEQUENCE; Schema: public; Owner: postgres
--

ALTER TABLE public."Tasks" ALTER COLUMN "Id" ADD GENERATED BY DEFAULT AS IDENTITY (
    SEQUENCE NAME public."Tasks_Id_seq"
    START WITH 1
    INCREMENT BY 1
    NO MINVALUE
    NO MAXVALUE
    CACHE 1
);


--
-- Name: __EFMigrationsHistory; Type: TABLE; Schema: public; Owner: postgres
--

CREATE TABLE public."__EFMigrationsHistory" (
    "MigrationId" character varying(150) NOT NULL,
    "ProductVersion" character varying(32) NOT NULL
);


ALTER TABLE public."__EFMigrationsHistory" OWNER TO postgres;

--
-- Data for Name: AspNetRoleClaims; Type: TABLE DATA; Schema: public; Owner: postgres
--

COPY public."AspNetRoleClaims" ("Id", "RoleId", "ClaimType", "ClaimValue") FROM stdin;
\.


--
-- Data for Name: AspNetRoles; Type: TABLE DATA; Schema: public; Owner: postgres
--

COPY public."AspNetRoles" ("Id", "Name", "NormalizedName", "ConcurrencyStamp") FROM stdin;
bd376a8f-9eab-4bb9-9fca-40b01540f446	admin	ADMIN	\N
bd376a8f-9eab-4bb9-9fca-40b01540f447	student	STUDENT	\N
bd376a8f-9eab-4bb9-9fca-40b01540f448	employee	EMPLOYEE	\N
\.


--
-- Data for Name: AspNetUserClaims; Type: TABLE DATA; Schema: public; Owner: postgres
--

COPY public."AspNetUserClaims" ("Id", "UserId", "ClaimType", "ClaimValue") FROM stdin;
\.


--
-- Data for Name: AspNetUserLogins; Type: TABLE DATA; Schema: public; Owner: postgres
--

COPY public."AspNetUserLogins" ("LoginProvider", "ProviderKey", "ProviderDisplayName", "UserId") FROM stdin;
\.


--
-- Data for Name: AspNetUserRoles; Type: TABLE DATA; Schema: public; Owner: postgres
--

COPY public."AspNetUserRoles" ("UserId", "RoleId") FROM stdin;
d28be9c0-aa65-4af8-1d17-10bd9344e588	bd376a8f-9eab-4bb9-9fca-40b01540f447
d28be9c0-aa65-4af8-bd17-10bd9344e586	bd376a8f-9eab-4bb9-9fca-40b01540f446
d28be9c0-aa65-4af8-bd17-10bd9344e587	bd376a8f-9eab-4bb9-9fca-40b01540f447
d28be9c0-aa65-4af8-bd17-10bd9344e588	bd376a8f-9eab-4bb9-9fca-40b01540f448
\.


--
-- Data for Name: AspNetUserTokens; Type: TABLE DATA; Schema: public; Owner: postgres
--

COPY public."AspNetUserTokens" ("UserId", "LoginProvider", "Name", "Value") FROM stdin;
\.


--
-- Data for Name: AspNetUsers; Type: TABLE DATA; Schema: public; Owner: postgres
--

COPY public."AspNetUsers" ("Id", "Name", "Passport", "Gender", "INN", "SNILS", "Discriminator", "Post", "Institute", "ServiceNumber", "Group", "DirectionOfStudy", "UserName", "NormalizedUserName", "Email", "NormalizedEmail", "EmailConfirmed", "PasswordHash", "SecurityStamp", "ConcurrencyStamp", "PhoneNumber", "PhoneNumberConfirmed", "TwoFactorEnabled", "LockoutEnd", "LockoutEnabled", "AccessFailedCount", "DateOfEnrollment", "GapYearsCount", "FormOfStudy") FROM stdin;
d28be9c0-aa65-4af8-bd17-10bd9344e588	{"First":"\\u0420\\u0430\\u0431\\u043E\\u0442\\u043D\\u0438\\u043A","Second":"\\u041C\\u0418\\u0418\\u0422\\u041E\\u0412","Middle":"\\u0418\\u043D\\u0441\\u0442\\u0438\\u0442\\u0443\\u0442\\u043E\\u0432\\u0438\\u0447"}	{"Series":"4517","Number":"543254","UnitCode":"432-632","PlaceOfBrith":"\\u0413. \\u041C\\u043E\\u0441\\u043A\\u0432\\u0430","DateOfBrith":"2002-02-14","DateOfIssue":"2024-12-03","Citizenship":"\\u0420\\u043E\\u0441\\u0441\\u0438\\u0439\\u0441\\u043A\\u0430\\u044F \\u0424\\u0435\\u0434\\u0435\\u0440\\u0430\\u0446\\u0438\\u044F"}	Мужской	7777065424	375232753	EmployeeUser	Доцент		\N	\N	\N	employee	EMPLOYEE	employee@example.com	EMPLOYEE@EXAMPLE.COM	f	AQAAAAIAAYagAAAAEDpRyfHqxPhRfDJTwmJjz70LuCkmBzQS1dVUH6SwVmleEqugKr5VCQVVNCgCpF4RUA==		ad61be68-7efc-4011-90cd-67680a640cf5	\N	f	f	\N	f	0	\N	\N	\N
d28be9c0-aa65-4af8-1d17-10bd9344e588	{"First":"\\u0410\\u043D\\u0430\\u0441\\u0442\\u0430\\u0441\\u0438\\u044F","Second":"\\u041A\\u043E\\u043D\\u0441\\u0442\\u0430\\u043D\\u0442\\u0438\\u043D\\u043E\\u0432\\u0430","Middle":"\\u0412\\u0438\\u0442\\u0430\\u043B\\u044C\\u0435\\u0432\\u043D\\u0430"}	{"Series":"4517","Number":"543254","UnitCode":"432-632","PlaceOfBrith":"\\u0413. \\u041C\\u043E\\u0441\\u043A\\u0432\\u0430","DateOfBrith":"2002-02-14","DateOfIssue":"2024-12-03","Citizenship":"\\u0420\\u043E\\u0441\\u0441\\u0438\\u0439\\u0441\\u043A\\u0430\\u044F \\u0424\\u0435\\u0434\\u0435\\u0440\\u0430\\u0446\\u0438\\u044F"}	Мужской	7777065424	375232753	StudentUser	\N	\N	12345678	УВП-411	09.03.01	Nastya	NASTYA@EXAMPLE.COM	Nastya@example.com	NASTYA@EXAMPLE.COM	f	AQAAAAIAAYagAAAAEIITTFUrPKxS3NufmXRkbzGIBfFjgbyQyxfv62FxEuYowqZ9fDOxryw8jxmm5znPsQ==	a1eb9086-b499-47ef-ab4f-036a3b25f44a	ba8311c4-a9b8-470c-a2fe-658e34bb5be6	\N	f	f	\N	f	0	2020-08-12	0	0
d28be9c0-aa65-4af8-bd17-10bd9344e586	{"First":"Admin","Second":"Adminov","Middle":"Adminovich"}	{"Series":"4517","Number":"543254","UnitCode":"432-632","PlaceOfBrith":"\\u0413. \\u041C\\u043E\\u0441\\u043A\\u0432\\u0430","DateOfBrith":"2002-02-14","DateOfIssue":"2024-12-03","Citizenship":"\\u0420\\u043E\\u0441\\u0441\\u0438\\u0439\\u0441\\u043A\\u0430\\u044F \\u0424\\u0435\\u0434\\u0435\\u0440\\u0430\\u0446\\u0438\\u044F"}	Мужской	7777065424	375232753	AppUser	\N	\N	\N	\N	\N	admin	ADMIN	admin@example.com	ADMIN@EXAMPLE.COM	f	AQAAAAIAAYagAAAAEDDtiykq2sNXBhv+4gxsFJ6/pEmSJ3lCZoPcl7oC6VXUCLdLL/bK7OByA5Om8kjkVw==		98362ef5-8879-4162-b16f-cf7096842a3c	\N	f	f	\N	f	0	\N	\N	\N
d28be9c0-aa65-4af8-bd17-10bd9344e587	{"First":"\\u0414\\u043C\\u0438\\u0442\\u0440\\u0438\\u0439","Second":"\\u0411\\u043E\\u043B\\u0442\\u0430\\u0447\\u0435\\u0432","Middle":"\\u041C\\u0438\\u0445\\u0430\\u0439\\u043B\\u043E\\u0432\\u0438\\u0447"}	{"Series":"4517","Number":"543254","UnitCode":"432-632","PlaceOfBrith":"\\u0413. \\u041C\\u043E\\u0441\\u043A\\u0432\\u0430","DateOfBrith":"2002-02-14","DateOfIssue":"2024-12-03","Citizenship":"\\u0420\\u043E\\u0441\\u0441\\u0438\\u0439\\u0441\\u043A\\u0430\\u044F \\u0424\\u0435\\u0434\\u0435\\u0440\\u0430\\u0446\\u0438\\u044F"}	Мужской	7777065424	375232753	StudentUser	\N	\N	12345678	УВП-411	09.03.01	Dmitry	DMITRY@EXAMPLE.COM	Dmitry@example.com	DMITRY@EXAMPLE.COM	f	AQAAAAIAAYagAAAAELsSt92To8PIwy7jmTVi5uuBMl9x6ehKlzv4pVRhAzYCPipONeRU/rTA6pMO+48chw==	69b2ed9b-f9f8-4d3c-896a-92fcc8ee65b6	baab30ef-65d3-4187-ac92-61003612999d	\N	f	f	\N	f	0	2020-08-12	0	0
\.


--
-- Data for Name: Services; Type: TABLE DATA; Schema: public; Owner: postgres
--

COPY public."Services" ("Id", "Name", "Description", "Type", "OnPublic") FROM stdin;
3	test	string	0	f
\.


--
-- Data for Name: Tasks; Type: TABLE DATA; Schema: public; Owner: postgres
--

COPY public."Tasks" ("Id", "UserId", "ServiceName", "State") FROM stdin;
8	c18be9c0-aa65-4af8-bd17-10bd9344e586	test	0
9	d28be9c0-aa65-4af8-bd17-10bd9344e587	test	0
\.


--
-- Data for Name: __EFMigrationsHistory; Type: TABLE DATA; Schema: public; Owner: postgres
--

COPY public."__EFMigrationsHistory" ("MigrationId", "ProductVersion") FROM stdin;
20240508161826_withTask	8.0.2
20240508211605_studentPorps	8.0.2
20240508211656_studentProps	8.0.2
20240511101749_onPublic	8.0.2
\.


--
-- Name: AspNetRoleClaims_Id_seq; Type: SEQUENCE SET; Schema: public; Owner: postgres
--

SELECT pg_catalog.setval('public."AspNetRoleClaims_Id_seq"', 1, false);


--
-- Name: AspNetUserClaims_Id_seq; Type: SEQUENCE SET; Schema: public; Owner: postgres
--

SELECT pg_catalog.setval('public."AspNetUserClaims_Id_seq"', 1, false);


--
-- Name: Services_Id_seq; Type: SEQUENCE SET; Schema: public; Owner: postgres
--

SELECT pg_catalog.setval('public."Services_Id_seq"', 3, true);


--
-- Name: Tasks_Id_seq; Type: SEQUENCE SET; Schema: public; Owner: postgres
--

SELECT pg_catalog.setval('public."Tasks_Id_seq"', 9, true);


--
-- Name: AspNetRoleClaims PK_AspNetRoleClaims; Type: CONSTRAINT; Schema: public; Owner: postgres
--

ALTER TABLE ONLY public."AspNetRoleClaims"
    ADD CONSTRAINT "PK_AspNetRoleClaims" PRIMARY KEY ("Id");


--
-- Name: AspNetRoles PK_AspNetRoles; Type: CONSTRAINT; Schema: public; Owner: postgres
--

ALTER TABLE ONLY public."AspNetRoles"
    ADD CONSTRAINT "PK_AspNetRoles" PRIMARY KEY ("Id");


--
-- Name: AspNetUserClaims PK_AspNetUserClaims; Type: CONSTRAINT; Schema: public; Owner: postgres
--

ALTER TABLE ONLY public."AspNetUserClaims"
    ADD CONSTRAINT "PK_AspNetUserClaims" PRIMARY KEY ("Id");


--
-- Name: AspNetUserLogins PK_AspNetUserLogins; Type: CONSTRAINT; Schema: public; Owner: postgres
--

ALTER TABLE ONLY public."AspNetUserLogins"
    ADD CONSTRAINT "PK_AspNetUserLogins" PRIMARY KEY ("LoginProvider", "ProviderKey");


--
-- Name: AspNetUserRoles PK_AspNetUserRoles; Type: CONSTRAINT; Schema: public; Owner: postgres
--

ALTER TABLE ONLY public."AspNetUserRoles"
    ADD CONSTRAINT "PK_AspNetUserRoles" PRIMARY KEY ("UserId", "RoleId");


--
-- Name: AspNetUserTokens PK_AspNetUserTokens; Type: CONSTRAINT; Schema: public; Owner: postgres
--

ALTER TABLE ONLY public."AspNetUserTokens"
    ADD CONSTRAINT "PK_AspNetUserTokens" PRIMARY KEY ("UserId", "LoginProvider", "Name");


--
-- Name: AspNetUsers PK_AspNetUsers; Type: CONSTRAINT; Schema: public; Owner: postgres
--

ALTER TABLE ONLY public."AspNetUsers"
    ADD CONSTRAINT "PK_AspNetUsers" PRIMARY KEY ("Id");


--
-- Name: Services PK_Services; Type: CONSTRAINT; Schema: public; Owner: postgres
--

ALTER TABLE ONLY public."Services"
    ADD CONSTRAINT "PK_Services" PRIMARY KEY ("Id");


--
-- Name: Tasks PK_Tasks; Type: CONSTRAINT; Schema: public; Owner: postgres
--

ALTER TABLE ONLY public."Tasks"
    ADD CONSTRAINT "PK_Tasks" PRIMARY KEY ("Id");


--
-- Name: __EFMigrationsHistory PK___EFMigrationsHistory; Type: CONSTRAINT; Schema: public; Owner: postgres
--

ALTER TABLE ONLY public."__EFMigrationsHistory"
    ADD CONSTRAINT "PK___EFMigrationsHistory" PRIMARY KEY ("MigrationId");


--
-- Name: EmailIndex; Type: INDEX; Schema: public; Owner: postgres
--

CREATE INDEX "EmailIndex" ON public."AspNetUsers" USING btree ("NormalizedEmail");


--
-- Name: IX_AspNetRoleClaims_RoleId; Type: INDEX; Schema: public; Owner: postgres
--

CREATE INDEX "IX_AspNetRoleClaims_RoleId" ON public."AspNetRoleClaims" USING btree ("RoleId");


--
-- Name: IX_AspNetUserClaims_UserId; Type: INDEX; Schema: public; Owner: postgres
--

CREATE INDEX "IX_AspNetUserClaims_UserId" ON public."AspNetUserClaims" USING btree ("UserId");


--
-- Name: IX_AspNetUserLogins_UserId; Type: INDEX; Schema: public; Owner: postgres
--

CREATE INDEX "IX_AspNetUserLogins_UserId" ON public."AspNetUserLogins" USING btree ("UserId");


--
-- Name: IX_AspNetUserRoles_RoleId; Type: INDEX; Schema: public; Owner: postgres
--

CREATE INDEX "IX_AspNetUserRoles_RoleId" ON public."AspNetUserRoles" USING btree ("RoleId");


--
-- Name: RoleNameIndex; Type: INDEX; Schema: public; Owner: postgres
--

CREATE UNIQUE INDEX "RoleNameIndex" ON public."AspNetRoles" USING btree ("NormalizedName");


--
-- Name: UserNameIndex; Type: INDEX; Schema: public; Owner: postgres
--

CREATE UNIQUE INDEX "UserNameIndex" ON public."AspNetUsers" USING btree ("NormalizedUserName");


--
-- Name: AspNetRoleClaims FK_AspNetRoleClaims_AspNetRoles_RoleId; Type: FK CONSTRAINT; Schema: public; Owner: postgres
--

ALTER TABLE ONLY public."AspNetRoleClaims"
    ADD CONSTRAINT "FK_AspNetRoleClaims_AspNetRoles_RoleId" FOREIGN KEY ("RoleId") REFERENCES public."AspNetRoles"("Id") ON DELETE CASCADE;


--
-- Name: AspNetUserClaims FK_AspNetUserClaims_AspNetUsers_UserId; Type: FK CONSTRAINT; Schema: public; Owner: postgres
--

ALTER TABLE ONLY public."AspNetUserClaims"
    ADD CONSTRAINT "FK_AspNetUserClaims_AspNetUsers_UserId" FOREIGN KEY ("UserId") REFERENCES public."AspNetUsers"("Id") ON DELETE CASCADE;


--
-- Name: AspNetUserLogins FK_AspNetUserLogins_AspNetUsers_UserId; Type: FK CONSTRAINT; Schema: public; Owner: postgres
--

ALTER TABLE ONLY public."AspNetUserLogins"
    ADD CONSTRAINT "FK_AspNetUserLogins_AspNetUsers_UserId" FOREIGN KEY ("UserId") REFERENCES public."AspNetUsers"("Id") ON DELETE CASCADE;


--
-- Name: AspNetUserRoles FK_AspNetUserRoles_AspNetRoles_RoleId; Type: FK CONSTRAINT; Schema: public; Owner: postgres
--

ALTER TABLE ONLY public."AspNetUserRoles"
    ADD CONSTRAINT "FK_AspNetUserRoles_AspNetRoles_RoleId" FOREIGN KEY ("RoleId") REFERENCES public."AspNetRoles"("Id") ON DELETE CASCADE;


--
-- Name: AspNetUserRoles FK_AspNetUserRoles_AspNetUsers_UserId; Type: FK CONSTRAINT; Schema: public; Owner: postgres
--

ALTER TABLE ONLY public."AspNetUserRoles"
    ADD CONSTRAINT "FK_AspNetUserRoles_AspNetUsers_UserId" FOREIGN KEY ("UserId") REFERENCES public."AspNetUsers"("Id") ON DELETE CASCADE;


--
-- Name: AspNetUserTokens FK_AspNetUserTokens_AspNetUsers_UserId; Type: FK CONSTRAINT; Schema: public; Owner: postgres
--

ALTER TABLE ONLY public."AspNetUserTokens"
    ADD CONSTRAINT "FK_AspNetUserTokens_AspNetUsers_UserId" FOREIGN KEY ("UserId") REFERENCES public."AspNetUsers"("Id") ON DELETE CASCADE;


--
-- PostgreSQL database dump complete
--

